DATE,CLOSE
01-03-2006,11.14
01-04-2006,11.37
01-05-2006,11.31
01-06-2006,11
01-09-2006,11.13
01-10-2006,10.86
01-11-2006,10.94
01-12-2006,11.2
01/13/2006,11.23
01/17/2006,11.91
01/18/2006,12.25
01/19/2006,11.98
01/20/2006,14.56
01/23/2006,13.93
01/24/2006,13.31
01/25/2006,12.87
01/26/2006,12.42
01/27/2006,11.97
01/30/2006,12.39
01/31/2006,12.95
02-01-2006,12.36
02-02-2006,13.23
02-03-2006,12.96
02-06-2006,13.04
02-07-2006,13.59
02-08-2006,12.83
02-09-2006,13.12
02-10-2006,12.87
02/13/2006,13.35
02/14/2006,12.25
02/15/2006,12.31
02/16/2006,11.48
02/17/2006,12.01
02/21/2006,12.41
02/22/2006,11.88
02/23/2006,11.87
02/24/2006,11.46
02/27/2006,11.59
02/28/2006,12.34
03-01-2006,11.54
03-02-2006,11.72
03-03-2006,11.96
03-06-2006,12.74
03-07-2006,12.66
03-08-2006,12.32
03-09-2006,12.68
03-10-2006,11.85
03/13/2006,11.37
03/14/2006,10.74
03/15/2006,11.35
03/16/2006,11.98
03/17/2006,12.12
03/20/2006,11.79
03/21/2006,11.62
03/22/2006,11.21
03/23/2006,11.17
03/24/2006,11.19
03/27/2006,11.46
03/28/2006,11.58
03/29/2006,10.95
03/30/2006,11.57
03/31/2006,11.39
04-03-2006,11.57
04-04-2006,11.14
04-05-2006,11.13
04-06-2006,11.45
04-07-2006,12.26
04-10-2006,12.19
04-11-2006,13
04-12-2006,12.76
04/13/2006,12.38
04/17/2006,12.58
04/18/2006,11.4
04/19/2006,11.32
04/20/2006,11.64
04/21/2006,11.59
04/24/2006,11.75
04/25/2006,11.75
04/26/2006,11.76
04/27/2006,11.84
04/28/2006,11.59
05-01-2006,12.54
05-02-2006,11.99
05-03-2006,11.99
05-04-2006,11.99
05-05-2006,11.62
05-08-2006,12
05-09-2006,11.99
05-10-2006,11.78
05-11-2006,12.49
05-12-2006,14.19
05/15/2006,13.57
05/16/2006,13.35
05/17/2006,16.26
05/18/2006,16.99
05/19/2006,17.18
05/22/2006,17.72
05/23/2006,18.26
05/24/2006,17.36
05/25/2006,15.5
05/26/2006,14.26
05/30/2006,18.66
05/31/2006,16.44
06-01-2006,14.52
06-02-2006,14.32
06-05-2006,16.65
06-06-2006,17.34
06-07-2006,17.8
06-08-2006,18.35
06-09-2006,18.12
06-12-2006,20.96
06/13/2006,23.81
06/14/2006,21.46
06/15/2006,15.9
06/16/2006,17.25
06/19/2006,17.83
06/20/2006,16.69
06/21/2006,15.52
06/22/2006,15.88
06/23/2006,15.89
06/26/2006,15.62
06/27/2006,16.4
06/28/2006,15.79
06/29/2006,13.03
06/30/2006,13.08
07-03-2006,13.05
07-05-2006,14.15
07-06-2006,13.65
07-07-2006,13.97
07-10-2006,14.02
07-11-2006,13.14
07-12-2006,14.49
07/13/2006,17.79
07/14/2006,18.05
07/17/2006,18.64
07/18/2006,17.74
07/19/2006,15.55
07/20/2006,16.21
07/21/2006,17.4
07/24/2006,14.98
07/25/2006,14.85
07/26/2006,14.62
07/27/2006,14.94
07/28/2006,14.33
07/31/2006,14.95
08-01-2006,15.05
08-02-2006,14.34
08-03-2006,14.46
08-04-2006,14.34
08-07-2006,15.23
08-08-2006,15.23
08-09-2006,15.2
08-10-2006,14.46
08-11-2006,14.3
08/14/2006,14.26
08/15/2006,13.42
08/16/2006,12.41
08/17/2006,12.24
08/18/2006,11.64
08/21/2006,12.22
08/22/2006,12.19
08/23/2006,12.4
08/24/2006,12.4
08/25/2006,12.31
08/28/2006,12.18
08/29/2006,12.28
08/30/2006,12.22
08/31/2006,12.31
09-01-2006,11.96
09-05-2006,12.63
09-06-2006,13.74
09-07-2006,13.88
09-08-2006,13.16
09-11-2006,12.99
09-12-2006,11.92
09/13/2006,11.18
09/14/2006,11.55
09/15/2006,11.76
09/18/2006,11.78
09/19/2006,11.98
09/20/2006,11.39
09/21/2006,12.25
09/22/2006,12.59
09/25/2006,12.12
09/26/2006,11.53
09/27/2006,11.58
09/28/2006,11.72
09/29/2006,11.98
10-02-2006,12.57
10-03-2006,12.24
10-04-2006,11.86
10-05-2006,11.98
10-06-2006,11.56
10-09-2006,11.68
10-10-2006,11.52
10-11-2006,11.62
10-12-2006,11.09
10/13/2006,10.75
10/16/2006,11.09
10/17/2006,11.73
10/18/2006,11.34
10/19/2006,10.9
10/20/2006,10.63
10/23/2006,11.08
10/24/2006,10.78
10/25/2006,10.66
10/26/2006,10.56
10/27/2006,10.8
10/30/2006,11.2
10/31/2006,11.1
11-01-2006,11.51
11-02-2006,11.42
11-03-2006,11.16
11-06-2006,11.16
11-07-2006,11.09
11-08-2006,10.75
11-09-2006,11.01
11-10-2006,10.79
11/13/2006,10.86
11/14/2006,10.5
11/15/2006,10.31
11/16/2006,10.16
11/17/2006,10.05
11/20/2006,9.97
11/21/2006,9.9
11/22/2006,10.14
11/24/2006,10.73
11/27/2006,12.3
11/28/2006,11.62
11/29/2006,10.83
11/30/2006,10.91
12-01-2006,11.66
12-04-2006,11.23
12-05-2006,11.27
12-06-2006,11.33
12-07-2006,12.67
12-08-2006,12.07
12-11-2006,10.71
12-12-2006,10.65
12/13/2006,10.18
12/14/2006,9.97
12/15/2006,10.05
12/18/2006,10.6
12/19/2006,10.3
12/20/2006,10.26
12/21/2006,10.53
12/22/2006,11.36
12/26/2006,11.26
12/27/2006,10.64
12/28/2006,10.99
12/29/2006,11.56
01-03-2007,12.04
01-04-2007,11.51
01-05-2007,12.14
01-08-2007,12
01-09-2007,11.91
01-10-2007,11.47
01-11-2007,10.87
01-12-2007,10.15
01/16/2007,10.74
01/17/2007,10.59
01/18/2007,10.85
01/19/2007,10.4
01/22/2007,10.77
01/23/2007,10.34
01/24/2007,9.89
01/25/2007,11.22
01/26/2007,11.13
01/29/2007,11.45
01/30/2007,10.96
01/31/2007,10.42
02-01-2007,10.31
02-02-2007,10.08
02-05-2007,10.55
02-06-2007,10.65
02-07-2007,10.32
02-08-2007,10.44
02-09-2007,11.1
02-12-2007,11.61
02/13/2007,10.34
02/14/2007,10.23
02/15/2007,10.22
02/16/2007,10.02
02/20/2007,10.24
02/21/2007,10.2
02/22/2007,10.18
02/23/2007,10.58
02/26/2007,11.15
02/27/2007,18.31
02/28/2007,15.42
03-01-2007,15.82
03-02-2007,18.61
03-05-2007,19.63
03-06-2007,15.96
03-07-2007,15.24
03-08-2007,14.29
03-09-2007,14.09
03-12-2007,13.99
03/13/2007,18.13
03/14/2007,17.27
03/15/2007,16.43
03/16/2007,16.79
03/19/2007,14.59
03/20/2007,13.27
03/21/2007,12.19
03/22/2007,12.93
03/23/2007,12.95
03/26/2007,13.16
03/27/2007,13.48
03/28/2007,14.98
03/29/2007,15.14
03/30/2007,14.64
04-02-2007,14.53
04-03-2007,13.46
04-04-2007,13.24
04-05-2007,13.23
04-09-2007,13.14
04-10-2007,12.68
04-11-2007,13.49
04-12-2007,12.71
04/13/2007,12.2
04/16/2007,11.98
04/17/2007,12.14
04/18/2007,12.42
04/19/2007,12.54
04/20/2007,12.07
04/23/2007,13.04
04/24/2007,13.12
04/25/2007,13.21
04/26/2007,12.79
04/27/2007,12.45
04/30/2007,14.22
05-01-2007,13.51
05-02-2007,13.08
05-03-2007,13.09
05-04-2007,12.91
05-07-2007,13.15
05-08-2007,13.21
05-09-2007,12.88
05-10-2007,13.6
05-11-2007,12.95
05/14/2007,13.96
05/15/2007,14.01
05/16/2007,13.5
05/17/2007,13.51
05/18/2007,12.76
05/21/2007,13.3
05/22/2007,13.06
05/23/2007,13.24
05/24/2007,14.08
05/25/2007,13.34
05/29/2007,13.53
05/30/2007,12.83
05/31/2007,13.05
06-01-2007,12.78
06-04-2007,13.29
06-05-2007,13.63
06-06-2007,14.87
06-07-2007,17.06
06-08-2007,14.84
06-11-2007,14.71
06-12-2007,16.67
06/13/2007,14.73
06/14/2007,13.64
06/15/2007,13.94
06/18/2007,13.42
06/19/2007,12.85
06/20/2007,14.67
06/21/2007,14.21
06/22/2007,15.75
06/25/2007,16.65
06/26/2007,18.89
06/27/2007,15.53
06/28/2007,15.54
06/29/2007,16.23
07-02-2007,15.4
07-03-2007,14.92
07-05-2007,15.48
07-06-2007,14.72
07-09-2007,15.16
07-10-2007,17.57
07-11-2007,16.64
07-12-2007,15.54
07/13/2007,15.15
07/16/2007,15.59
07/17/2007,15.63
07/18/2007,16
07/19/2007,15.23
07/20/2007,16.95
07/23/2007,16.81
07/24/2007,18.55
07/25/2007,18.1
07/26/2007,20.74
07/27/2007,24.17
07/30/2007,20.87
07/31/2007,23.52
08-01-2007,23.67
08-02-2007,21.22
08-03-2007,25.16
08-06-2007,22.94
08-07-2007,21.56
08-08-2007,21.45
08-09-2007,26.48
08-10-2007,28.3
08/13/2007,26.57
08/14/2007,27.68
08/15/2007,30.67
08/16/2007,30.83
08/17/2007,29.99
08/20/2007,26.33
08/21/2007,25.25
08/22/2007,22.89
08/23/2007,22.62
08/24/2007,20.72
08/27/2007,22.72
08/28/2007,26.3
08/29/2007,23.81
08/30/2007,25.06
08/31/2007,23.38
09-04-2007,22.78
09-05-2007,24.58
09-06-2007,23.99
09-07-2007,26.23
09-10-2007,27.38
09-11-2007,25.27
09-12-2007,24.96
09/13/2007,24.76
09/14/2007,24.92
09/17/2007,26.48
09/18/2007,20.35
09/19/2007,20.03
09/20/2007,20.45
09/21/2007,19
09/24/2007,19.37
09/25/2007,18.6
09/26/2007,17.63
09/27/2007,17
09/28/2007,18
10-01-2007,17.84
10-02-2007,18.49
10-03-2007,18.8
10-04-2007,18.44
10-05-2007,16.91
10-08-2007,17.46
10-09-2007,16.12
10-10-2007,16.67
10-11-2007,18.88
10-12-2007,17.73
10/15/2007,19.25
10/16/2007,20.02
10/17/2007,18.54
10/18/2007,18.5
10/19/2007,22.96
10/22/2007,21.64
10/23/2007,20.41
10/24/2007,20.8
10/25/2007,21.17
10/26/2007,19.56
10/29/2007,19.87
10/30/2007,21.07
10/31/2007,18.53
11-01-2007,23.21
11-02-2007,23.01
11-05-2007,24.31
11-06-2007,21.39
11-07-2007,26.49
11-08-2007,26.16
11-09-2007,28.5
11-12-2007,31.09
11/13/2007,24.1
11/14/2007,25.94
11/15/2007,28.06
11/16/2007,25.49
11/19/2007,26.01
11/20/2007,24.88
11/21/2007,26.84
11/23/2007,25.61
11/26/2007,28.91
11/27/2007,26.28
11/28/2007,24.11
11/29/2007,23.97
11/30/2007,22.87
12-03-2007,23.61
12-04-2007,23.79
12-05-2007,22.53
12-06-2007,20.96
12-07-2007,20.85
12-10-2007,20.74
12-11-2007,23.59
12-12-2007,22.47
12/13/2007,22.56
12/14/2007,23.27
12/17/2007,24.52
12/18/2007,22.64
12/19/2007,21.68
12/20/2007,20.58
12/21/2007,18.47
12/24/2007,18.6
12/26/2007,18.66
12/27/2007,20.26
12/28/2007,20.74
12/31/2007,22.5
01-02-2008,23.17
01-03-2008,22.49
01-04-2008,23.94
01-07-2008,23.79
01-08-2008,25.43
01-09-2008,24.12
01-10-2008,23.45
01-11-2008,23.68
01/14/2008,22.9
01/15/2008,23.34
01/16/2008,24.38
01/17/2008,28.46
01/18/2008,27.18
01/22/2008,31.01
01/23/2008,29.02
01/24/2008,27.78
01/25/2008,29.08
01/28/2008,27.78
01/29/2008,27.32
01/30/2008,27.62
01/31/2008,26.2
02-01-2008,24.02
02-04-2008,25.99
02-05-2008,28.24
02-06-2008,28.97
02-07-2008,27.66
02-08-2008,28.01
02-11-2008,27.6
02-12-2008,26.33
02/13/2008,24.88
02/14/2008,25.54
02/15/2008,25.02
02/19/2008,25.59
02/20/2008,24.4
02/21/2008,25.12
02/22/2008,24.06
02/25/2008,23.03
02/26/2008,21.9
02/27/2008,22.69
02/28/2008,23.53
02/29/2008,26.54
03-03-2008,26.28
03-04-2008,25.52
03-05-2008,24.6
03-06-2008,27.55
03-07-2008,27.49
03-10-2008,29.38
03-11-2008,26.36
03-12-2008,27.22
03/13/2008,27.29
03/14/2008,31.16
03/17/2008,32.24
03/18/2008,25.79
03/19/2008,29.84
03/20/2008,26.62
03/24/2008,25.73
03/25/2008,25.72
03/26/2008,26.08
03/27/2008,25.88
03/28/2008,25.71
03/31/2008,25.61
04-01-2008,22.68
04-02-2008,23.43
04-03-2008,23.21
04-04-2008,22.45
04-07-2008,22.42
04-08-2008,22.36
04-09-2008,22.81
04-10-2008,21.98
04-11-2008,23.46
04/14/2008,23.82
04/15/2008,22.78
04/16/2008,20.53
04/17/2008,20.37
04/18/2008,20.13
04/21/2008,20.5
04/22/2008,20.87
04/23/2008,20.26
04/24/2008,20.06
04/25/2008,19.59
04/28/2008,19.64
04/29/2008,20.24
04/30/2008,20.79
05-01-2008,18.88
05-02-2008,18.18
05-05-2008,18.9
05-06-2008,18.21
05-07-2008,19.73
05-08-2008,19.4
05-09-2008,19.41
05-12-2008,17.79
05/13/2008,17.98
05/14/2008,17.66
05/15/2008,16.3
05/16/2008,16.47
05/19/2008,17.01
05/20/2008,17.58
05/21/2008,18.59
05/22/2008,18.05
05/23/2008,19.55
05/27/2008,19.64
05/28/2008,19.07
05/29/2008,18.14
05/30/2008,17.83
06-02-2008,19.83
06-03-2008,20.24
06-04-2008,20.8
06-05-2008,18.63
06-06-2008,23.56
06-09-2008,23.12
06-10-2008,23.18
06-11-2008,24.12
06-12-2008,23.33
06/13/2008,21.22
06/16/2008,20.95
06/17/2008,21.13
06/18/2008,22.24
06/19/2008,21.58
06/20/2008,22.87
06/23/2008,22.64
06/24/2008,22.42
06/25/2008,21.14
06/26/2008,23.93
06/27/2008,23.44
06/30/2008,23.95
07-01-2008,23.65
07-02-2008,25.92
07-03-2008,24.8
07-07-2008,25.78
07-08-2008,23.15
07-09-2008,25.23
07-10-2008,25.59
07-11-2008,27.49
07/14/2008,28.48
07/15/2008,28.54
07/16/2008,25.1
07/17/2008,25.01
07/18/2008,24.05
07/21/2008,23.05
07/22/2008,21.18
07/23/2008,21.31
07/24/2008,23.44
07/25/2008,22.91
07/28/2008,24.23
07/29/2008,22.03
07/30/2008,21.21
07/31/2008,22.94
08-01-2008,22.57
08-04-2008,23.49
08-05-2008,21.14
08-06-2008,20.23
08-07-2008,21.15
08-08-2008,20.66
08-11-2008,20.12
08-12-2008,21.17
08/13/2008,21.55
08/14/2008,20.34
08/15/2008,19.58
08/18/2008,20.98
08/19/2008,21.28
08/20/2008,20.42
08/21/2008,19.82
08/22/2008,18.81
08/25/2008,20.97
08/26/2008,20.49
08/27/2008,19.76
08/28/2008,19.43
08/29/2008,20.65
09-02-2008,21.99
09-03-2008,21.43
09-04-2008,24.03
09-05-2008,23.06
09-08-2008,22.64
09-09-2008,25.47
09-10-2008,24.52
09-11-2008,24.39
09-12-2008,25.66
09/15/2008,31.7
09/16/2008,31.54
09/17/2008,36.22
09/18/2008,33.1
09/19/2008,32.07
09/22/2008,33.85
09/23/2008,35.72
09/24/2008,35.19
09/25/2008,32.82
09/26/2008,34.74
09/29/2008,46.72
09/30/2008,39.39
10-01-2008,39.81
10-02-2008,45.26
10-03-2008,45.14
10-06-2008,52.05
10-07-2008,53.68
10-08-2008,57.53
10-09-2008,63.92
10-10-2008,69.95
10/13/2008,54.99
10/14/2008,55.13
10/15/2008,69.25
10/16/2008,67.61
10/17/2008,70.33
10/20/2008,52.97
10/21/2008,53.11
10/22/2008,69.65
10/23/2008,67.8
10/24/2008,79.13
10/27/2008,80.06
10/28/2008,66.96
10/29/2008,69.96
10/30/2008,62.9
10/31/2008,59.89
11-03-2008,53.68
11-04-2008,47.73
11-05-2008,54.56
11-06-2008,63.68
11-07-2008,56.1
11-10-2008,59.98
11-11-2008,61.44
11-12-2008,66.46
11/13/2008,59.83
11/14/2008,66.31
11/17/2008,69.15
11/18/2008,67.64
11/19/2008,74.26
11/20/2008,80.86
11/21/2008,72.67
11/24/2008,64.7
11/25/2008,60.9
11/26/2008,54.92
11/28/2008,55.84
12-01-2008,68.51
12-02-2008,62.98
12-03-2008,60.72
12-04-2008,63.64
12-05-2008,59.93
12-08-2008,58.49
12-09-2008,58.91
12-10-2008,55.73
12-11-2008,55.78
12-12-2008,54.28
12/15/2008,56.76
12/16/2008,51.29
12/17/2008,49.84
12/18/2008,47.34
12/19/2008,44.93
12/22/2008,44.56
12/23/2008,45.02
12/24/2008,44.21
12/26/2008,43.38
12/29/2008,43.9
12/30/2008,41.63
12/31/2008,40
01-02-2009,39.19
01-05-2009,39.08
01-06-2009,38.56
01-07-2009,43.39
01-08-2009,42.56
01-09-2009,42.82
01-12-2009,45.84
01/13/2009,43.27
01/14/2009,49.14
01/15/2009,51
01/16/2009,46.11
01/20/2009,56.65
01/21/2009,46.42
01/22/2009,47.29
01/23/2009,47.27
01/26/2009,45.69
01/27/2009,42.25
01/28/2009,39.66
01/29/2009,42.63
01/30/2009,44.84
02-02-2009,45.52
02-03-2009,43.06
02-04-2009,43.85
02-05-2009,43.73
02-06-2009,43.37
02-09-2009,43.64
02-10-2009,46.67
02-11-2009,44.53
02-12-2009,41.25
02/13/2009,42.93
02/17/2009,48.66
02/18/2009,48.46
02/19/2009,47.08
02/20/2009,49.3
02/23/2009,52.62
02/24/2009,45.49
02/25/2009,44.67
02/26/2009,44.66
02/27/2009,46.35
03-02-2009,52.65
03-03-2009,50.93
03-04-2009,47.56
03-05-2009,50.17
03-06-2009,49.33
03-09-2009,49.68
03-10-2009,44.37
03-11-2009,43.61
03-12-2009,41.18
03/13/2009,42.36
03/16/2009,43.74
03/17/2009,40.8
03/18/2009,40.06
03/19/2009,43.68
03/20/2009,45.89
03/23/2009,43.23
03/24/2009,42.93
03/25/2009,42.25
03/26/2009,40.36
03/27/2009,41.04
03/30/2009,45.54
03/31/2009,44.14
04-01-2009,42.28
04-02-2009,42.04
04-03-2009,39.7
04-06-2009,40.93
04-07-2009,40.39
04-08-2009,38.85
04-09-2009,36.53
04/13/2009,37.81
04/14/2009,37.67
04/15/2009,36.17
04/16/2009,35.79
04/17/2009,33.94
04/20/2009,39.18
04/21/2009,37.14
04/22/2009,38.1
04/23/2009,37.15
04/24/2009,36.82
04/27/2009,38.32
04/28/2009,37.95
04/29/2009,36.08
04/30/2009,36.5
05-01-2009,35.3
05-04-2009,34.53
05-05-2009,33.36
05-06-2009,32.45
05-07-2009,33.44
05-08-2009,32.05
05-11-2009,32.87
05-12-2009,31.8
05/13/2009,33.65
05/14/2009,31.37
05/15/2009,33.12
05/18/2009,30.24
05/19/2009,28.8
05/20/2009,29.03
05/21/2009,31.35
05/22/2009,32.63
05/26/2009,30.62
05/27/2009,32.36
05/28/2009,31.67
05/29/2009,28.92
06-01-2009,30.04
06-02-2009,29.63
06-03-2009,31.02
06-04-2009,30.18
06-05-2009,29.62
06-08-2009,29.77
06-09-2009,28.27
06-10-2009,28.46
06-11-2009,28.11
06-12-2009,28.15
06/15/2009,30.81
06/16/2009,32.68
06/17/2009,31.54
06/18/2009,30.03
06/19/2009,27.99
06/22/2009,31.17
06/23/2009,30.58
06/24/2009,29.05
06/25/2009,26.36
06/26/2009,25.93
06/29/2009,25.35
06/30/2009,26.35
07-01-2009,26.22
07-02-2009,27.95
07-06-2009,29
07-07-2009,30.85
07-08-2009,31.3
07-09-2009,29.78
07-10-2009,29.02
07/13/2009,26.31
07/14/2009,25.02
07/15/2009,25.89
07/16/2009,25.42
07/17/2009,24.34
07/20/2009,24.4
07/21/2009,23.87
07/22/2009,23.47
07/23/2009,23.43
07/24/2009,23.09
07/27/2009,24.28
07/28/2009,25.01
07/29/2009,25.61
07/30/2009,25.4
07/31/2009,25.92
08-03-2009,25.56
08-04-2009,24.89
08-05-2009,24.9
08-06-2009,25.67
08-07-2009,24.76
08-10-2009,24.99
08-11-2009,25.99
08-12-2009,25.45
08/13/2009,24.71
08/14/2009,24.27
08/17/2009,27.89
08/18/2009,26.18
08/19/2009,26.26
08/20/2009,25.09
08/21/2009,25.01
08/24/2009,25.14
08/25/2009,24.92
08/26/2009,24.95
08/27/2009,24.68
08/28/2009,24.76
08/31/2009,26.01
09-01-2009,29.15
09-02-2009,28.9
09-03-2009,27.1
09-04-2009,25.26
09-08-2009,25.62
09-09-2009,24.32
09-10-2009,23.55
09-11-2009,24.15
09/14/2009,23.86
09/15/2009,23.42
09/16/2009,23.69
09/17/2009,23.65
09/18/2009,23.92
09/21/2009,24.06
09/22/2009,23.08
09/23/2009,23.49
09/24/2009,24.95
09/25/2009,25.61
09/28/2009,24.88
09/29/2009,25.19
09/30/2009,25.61
10-01-2009,28.27
10-02-2009,28.68
10-05-2009,26.84
10-06-2009,25.7
10-07-2009,24.68
10-08-2009,24.18
10-09-2009,23.12
10-12-2009,23.01
10/13/2009,22.99
10/14/2009,22.86
10/15/2009,21.72
10/16/2009,21.43
10/19/2009,21.49
10/20/2009,20.9
10/21/2009,22.22
10/22/2009,20.69
10/23/2009,22.27
10/26/2009,24.31
10/27/2009,24.83
10/28/2009,27.91
10/29/2009,24.76
10/30/2009,30.69
11-02-2009,29.78
11-03-2009,28.81
11-04-2009,27.72
11-05-2009,25.43
11-06-2009,24.19
11-09-2009,23.15
11-10-2009,22.84
11-11-2009,23.04
11-12-2009,24.24
11/13/2009,23.36
11/16/2009,22.89
11/17/2009,22.41
11/18/2009,21.63
11/19/2009,22.63
11/20/2009,22.19
11/23/2009,21.16
11/24/2009,20.47
11/25/2009,20.48
11/27/2009,24.85
11/30/2009,24.51
12-01-2009,21.92
12-02-2009,21.12
12-03-2009,22.46
12-04-2009,21.25
12-07-2009,22.1
12-08-2009,23.69
12-09-2009,22.66
12-10-2009,22.32
12-11-2009,21.59
12/14/2009,21.15
12/15/2009,21.49
12/16/2009,20.54
12/17/2009,22.51
12/18/2009,21.68
12/21/2009,20.49
12/22/2009,19.54
12/23/2009,19.71
12/24/2009,19.47
12/28/2009,19.93
12/29/2009,20.01
12/30/2009,19.96
12/31/2009,21.68
01-04-2010,20.04
01-05-2010,19.35
01-06-2010,19.16
01-07-2010,19.06
01-08-2010,18.13
01-11-2010,17.55
01-12-2010,18.25
01/13/2010,17.85
01/14/2010,17.63
01/15/2010,17.91
01/19/2010,17.58
01/20/2010,18.68
01/21/2010,22.27
01/22/2010,27.31
01/25/2010,25.41
01/26/2010,24.55
01/27/2010,23.14
01/28/2010,23.73
01/29/2010,24.62
02-01-2010,22.59
02-02-2010,21.48
02-03-2010,21.6
02-04-2010,26.08
02-05-2010,26.11
02-08-2010,26.51
02-09-2010,26
02-10-2010,25.4
02-11-2010,23.96
02-12-2010,22.73
02/16/2010,22.25
02/17/2010,21.72
02/18/2010,20.63
02/19/2010,20.02
02/22/2010,19.94
02/23/2010,21.37
02/24/2010,20.27
02/25/2010,20.1
02/26/2010,19.5
03-01-2010,19.26
03-02-2010,19.06
03-03-2010,18.83
03-04-2010,18.72
03-05-2010,17.42
03-08-2010,17.79
03-09-2010,17.92
03-10-2010,18.57
03-11-2010,18.06
03-12-2010,17.58
03/15/2010,18
03/16/2010,17.69
03/17/2010,16.91
03/18/2010,16.62
03/19/2010,16.97
03/22/2010,16.87
03/23/2010,16.35
03/24/2010,17.55
03/25/2010,18.4
03/26/2010,17.77
03/29/2010,17.59
03/30/2010,17.13
03/31/2010,17.59
04-01-2010,17.47
04-05-2010,17.02
04-06-2010,16.23
04-07-2010,16.62
04-08-2010,16.48
04-09-2010,16.14
04-12-2010,15.58
04/13/2010,16.2
04/14/2010,15.59
04/15/2010,15.89
04/16/2010,18.36
04/19/2010,17.34
04/20/2010,15.73
04/21/2010,16.32
04/22/2010,16.47
04/23/2010,16.62
04/26/2010,17.47
04/27/2010,22.81
04/28/2010,21.08
04/29/2010,18.44
04/30/2010,22.05
05-03-2010,20.19
05-04-2010,23.84
05-05-2010,24.91
05-06-2010,32.8
05-07-2010,40.95
05-10-2010,28.84
05-11-2010,28.32
05-12-2010,25.52
05/13/2010,26.68
05/14/2010,31.24
05/17/2010,30.84
05/18/2010,33.55
05/19/2010,35.32
05/20/2010,45.79
05/21/2010,40.1
05/24/2010,38.32
05/25/2010,34.61
05/26/2010,35.02
05/27/2010,29.68
05/28/2010,32.07
06-01-2010,35.54
06-02-2010,30.17
06-03-2010,29.46
06-04-2010,35.48
06-07-2010,36.57
06-08-2010,33.7
06-09-2010,33.73
06-10-2010,30.57
06-11-2010,28.79
06/14/2010,28.58
06/15/2010,25.87
06/16/2010,25.92
06/17/2010,25.05
06/18/2010,23.95
06/21/2010,24.88
06/22/2010,27.05
06/23/2010,26.91
06/24/2010,29.74
06/25/2010,28.53
06/28/2010,29
06/29/2010,34.13
06/30/2010,34.54
07-01-2010,32.86
07-02-2010,30.12
07-06-2010,29.65
07-07-2010,26.84
07-08-2010,25.71
07-09-2010,24.98
07-12-2010,24.43
07/13/2010,24.56
07/14/2010,24.89
07/15/2010,25.14
07/16/2010,26.25
07/19/2010,25.97
07/20/2010,23.93
07/21/2010,25.64
07/22/2010,24.63
07/23/2010,23.47
07/26/2010,22.73
07/27/2010,23.19
07/28/2010,24.25
07/29/2010,24.13
07/30/2010,23.5
08-02-2010,22.01
08-03-2010,22.63
08-04-2010,22.21
08-05-2010,22.1
08-06-2010,21.74
08-09-2010,22.14
08-10-2010,22.37
08-11-2010,25.39
08-12-2010,25.73
08/13/2010,26.24
08/16/2010,26.1
08/17/2010,24.33
08/18/2010,24.59
08/19/2010,26.44
08/20/2010,25.49
08/23/2010,25.66
08/24/2010,27.46
08/25/2010,26.7
08/26/2010,27.37
08/27/2010,24.45
08/30/2010,27.21
08/31/2010,26.05
09-01-2010,23.89
09-02-2010,23.19
09-03-2010,21.31
09-07-2010,23.8
09-08-2010,23.25
09-09-2010,22.81
09-10-2010,21.99
09/13/2010,21.21
09/14/2010,21.56
09/15/2010,22.1
09/16/2010,21.72
09/17/2010,22.01
09/20/2010,21.5
09/21/2010,22.35
09/22/2010,22.51
09/23/2010,23.87
09/24/2010,21.71
09/27/2010,22.54
09/28/2010,22.6
09/29/2010,23.25
09/30/2010,23.7
10-01-2010,22.5
10-04-2010,23.53
10-05-2010,21.76
10-06-2010,21.49
10-07-2010,21.56
10-08-2010,20.71
10-11-2010,18.96
10-12-2010,18.93
10/13/2010,19.07
10/14/2010,19.88
10/15/2010,19.03
10/18/2010,19.09
10/19/2010,20.63
10/20/2010,19.79
10/21/2010,19.27
10/22/2010,18.78
10/25/2010,19.85
10/26/2010,20.22
10/27/2010,20.71
10/28/2010,20.88
10/29/2010,21.2
11-01-2010,21.83
11-02-2010,21.57
11-03-2010,19.56
11-04-2010,18.52
11-05-2010,18.26
11-08-2010,18.29
11-09-2010,19.08
11-10-2010,18.47
11-11-2010,18.64
11-12-2010,20.61
11/15/2010,20.2
11/16/2010,22.58
11/17/2010,21.76
11/18/2010,18.75
11/19/2010,18.04
11/22/2010,18.37
11/23/2010,20.63
11/24/2010,19.56
11/26/2010,22.22
11/29/2010,21.53
11/30/2010,23.54
12-01-2010,21.36
12-02-2010,19.39
12-03-2010,18.01
12-06-2010,18.02
12-07-2010,17.99
12-08-2010,17.74
12-09-2010,17.25
12-10-2010,17.61
12/13/2010,17.55
12/14/2010,17.61
12/15/2010,17.94
12/16/2010,17.39
12/17/2010,16.11
12/20/2010,16.41
12/21/2010,16.49
12/22/2010,15.45
12/23/2010,16.47
12/27/2010,17.67
12/28/2010,17.52
12/29/2010,17.28
12/30/2010,17.52
12/31/2010,17.75
01-03-2011,17.61
01-04-2011,17.38
01-05-2011,17.02
01-06-2011,17.4
01-07-2011,17.14
01-10-2011,17.54
01-11-2011,16.89
01-12-2011,16.24
01/13/2011,16.39
01/14/2011,15.46
01/18/2011,15.87
01/19/2011,17.31
01/20/2011,17.99
01/21/2011,18.47
01/24/2011,17.65
01/25/2011,17.59
01/26/2011,16.64
01/27/2011,16.15
01/28/2011,20.04
01/31/2011,19.53
02-01-2011,17.63
02-02-2011,17.3
02-03-2011,16.69
02-04-2011,15.93
02-07-2011,16.28
02-08-2011,15.81
02-09-2011,15.87
02-10-2011,16.09
02-11-2011,15.69
02/14/2011,15.95
02/15/2011,16.37
02/16/2011,16.72
02/17/2011,16.59
02/18/2011,16.43
02/22/2011,20.8
02/23/2011,22.13
02/24/2011,21.32
02/25/2011,19.22
02/28/2011,18.35
03-01-2011,21.01
03-02-2011,20.7
03-03-2011,18.6
03-04-2011,19.06
03-07-2011,20.66
03-08-2011,19.82
03-09-2011,20.22
03-10-2011,21.88
03-11-2011,20.08
03/14/2011,21.13
03/15/2011,24.32
03/16/2011,29.4
03/17/2011,26.37
03/18/2011,24.44
03/21/2011,20.61
03/22/2011,20.21
03/23/2011,19.17
03/24/2011,18
03/25/2011,17.91
03/28/2011,19.44
03/29/2011,18.16
03/30/2011,17.71
03/31/2011,17.74
04-01-2011,17.4
04-04-2011,17.5
04-05-2011,17.25
04-06-2011,16.9
04-07-2011,17.11
04-08-2011,17.87
04-11-2011,16.59
04-12-2011,17.09
04/13/2011,16.92
04/14/2011,16.27
04/15/2011,15.32
04/18/2011,16.96
04/19/2011,15.83
04/20/2011,15.07
04/21/2011,14.69
04/25/2011,15.77
04/26/2011,15.62
04/27/2011,15.35
04/28/2011,14.62
04/29/2011,14.75
05-02-2011,15.99
05-03-2011,16.7
05-04-2011,17.08
05-05-2011,18.2
05-06-2011,18.4
05-09-2011,17.16
05-10-2011,15.91
05-11-2011,16.95
05-12-2011,16.03
05/13/2011,17.07
05/16/2011,18.24
05/17/2011,17.55
05/18/2011,16.23
05/19/2011,15.52
05/20/2011,17.43
05/23/2011,18.27
05/24/2011,17.82
05/25/2011,17.07
05/26/2011,16.09
05/27/2011,15.98
05/31/2011,15.45
06-01-2011,18.3
06-02-2011,18.09
06-03-2011,17.95
06-06-2011,18.49
06-07-2011,18.07
06-08-2011,18.79
06-09-2011,17.77
06-10-2011,18.86
06/13/2011,19.61
06/14/2011,18.26
06/15/2011,21.32
06/16/2011,22.73
06/17/2011,21.85
06/20/2011,19.99
06/21/2011,18.86
06/22/2011,18.52
06/23/2011,19.29
06/24/2011,21.1
06/27/2011,20.56
06/28/2011,19.17
06/29/2011,17.27
06/30/2011,16.52
07-01-2011,15.87
07-05-2011,16.06
07-06-2011,16.34
07-07-2011,15.95
07-08-2011,15.95
07-11-2011,18.39
07-12-2011,19.87
07/13/2011,19.91
07/14/2011,20.8
07/15/2011,19.53
07/18/2011,20.95
07/19/2011,19.21
07/20/2011,19.09
07/21/2011,17.56
07/22/2011,17.52
07/25/2011,19.35
07/26/2011,20.23
07/27/2011,22.98
07/28/2011,23.74
07/29/2011,25.25
08-01-2011,23.66
08-02-2011,24.79
08-03-2011,23.38
08-04-2011,31.66
08-05-2011,32
08-08-2011,48
08-09-2011,35.06
08-10-2011,42.99
08-11-2011,39
08-12-2011,36.36
08/15/2011,31.87
08/16/2011,32.85
08/17/2011,31.58
08/18/2011,42.67
08/19/2011,43.05
08/22/2011,42.44
08/23/2011,36.27
08/24/2011,35.9
08/25/2011,39.76
08/26/2011,35.59
08/29/2011,32.28
08/30/2011,32.89
08/31/2011,31.62
09-01-2011,31.82
09-02-2011,33.92
09-06-2011,37
09-07-2011,33.38
09-08-2011,34.32
09-09-2011,38.52
09-12-2011,38.59
09/13/2011,36.91
09/14/2011,34.6
09/15/2011,31.97
09/16/2011,30.98
09/19/2011,32.73
09/20/2011,32.86
09/21/2011,37.32
09/22/2011,41.35
09/23/2011,41.25
09/26/2011,39.02
09/27/2011,37.71
09/28/2011,41.08
09/29/2011,38.84
09/30/2011,42.96
10-03-2011,45.45
10-04-2011,40.82
10-05-2011,37.81
10-06-2011,36.27
10-07-2011,36.2
10-10-2011,33.02
10-11-2011,32.86
10-12-2011,31.26
10/13/2011,30.7
10/14/2011,28.24
10/17/2011,33.39
10/18/2011,31.56
10/19/2011,34.44
10/20/2011,34.78
10/21/2011,31.32
10/24/2011,29.26
10/25/2011,32.22
10/26/2011,29.86
10/27/2011,25.46
10/28/2011,24.53
10/31/2011,29.96
11-01-2011,34.77
11-02-2011,32.74
11-03-2011,30.5
11-04-2011,30.16
11-07-2011,29.85
11-08-2011,27.48
11-09-2011,36.16
11-10-2011,32.81
11-11-2011,30.04
11/14/2011,31.13
11/15/2011,31.22
11/16/2011,33.51
11/17/2011,34.51
11/18/2011,32
11/21/2011,32.91
11/22/2011,31.97
11/23/2011,33.98
11/25/2011,34.47
11/28/2011,32.13
11/29/2011,30.64
11/30/2011,27.8
12-01-2011,27.41
12-02-2011,27.52
12-05-2011,27.84
12-06-2011,28.13
12-07-2011,28.67
12-08-2011,30.59
12-09-2011,26.38
12-12-2011,25.67
12/13/2011,25.41
12/14/2011,26.04
12/15/2011,25.11
12/16/2011,24.29
12/19/2011,24.92
12/20/2011,23.22
12/21/2011,21.43
12/22/2011,21.16
12/23/2011,20.73
12/27/2011,21.91
12/28/2011,23.52
12/29/2011,22.65
12/30/2011,23.4
01-03-2012,22.97
01-04-2012,22.22
01-05-2012,21.48
01-06-2012,20.63
01-09-2012,21.07
01-10-2012,20.69
01-11-2012,21.05
01-12-2012,20.47
01/13/2012,20.91
01/17/2012,22.2
01/18/2012,20.89
01/19/2012,19.87
01/20/2012,18.28
01/23/2012,18.67
01/24/2012,18.91
01/25/2012,18.31
01/26/2012,18.57
01/27/2012,18.53
01/30/2012,19.4
01/31/2012,19.44
02-01-2012,18.55
02-02-2012,17.98
02-03-2012,17.1
02-06-2012,17.76
02-07-2012,17.65
02-08-2012,18.16
02-09-2012,18.63
02-10-2012,20.79
02/13/2012,19.04
02/14/2012,19.54
02/15/2012,21.14
02/16/2012,19.22
02/17/2012,17.78
02/21/2012,18.19
02/22/2012,18.19
02/23/2012,16.8
02/24/2012,17.31
02/27/2012,18.19
02/28/2012,17.96
02/29/2012,18.43
03-01-2012,17.26
03-02-2012,17.29
03-05-2012,18.05
03-06-2012,20.87
03-07-2012,19.07
03-08-2012,17.95
03-09-2012,17.11
03-12-2012,15.64
03/13/2012,14.8
03/14/2012,15.31
03/15/2012,15.42
03/16/2012,14.47
03/19/2012,15.04
03/20/2012,15.58
03/21/2012,15.13
03/22/2012,15.57
03/23/2012,14.82
03/26/2012,14.26
03/27/2012,15.59
03/28/2012,15.47
03/29/2012,15.48
03/30/2012,15.5
04-02-2012,15.64
04-03-2012,15.66
04-04-2012,16.44
04-05-2012,16.7
04-09-2012,18.81
04-10-2012,20.39
04-11-2012,20.02
04-12-2012,17.2
04/13/2012,19.55
04/16/2012,19.55
04/17/2012,18.46
04/18/2012,18.64
04/19/2012,18.36
04/20/2012,17.44
04/23/2012,18.97
04/24/2012,18.1
04/25/2012,16.82
04/26/2012,16.24
04/27/2012,16.32
04/30/2012,17.15
05-01-2012,16.6
05-02-2012,16.88
05-03-2012,17.56
05-04-2012,19.16
05-07-2012,18.94
05-08-2012,19.05
05-09-2012,20.08
05-10-2012,18.83
05-11-2012,19.89
05/14/2012,21.87
05/15/2012,21.97
05/16/2012,22.27
05/17/2012,24.49
05/18/2012,25.1
05/21/2012,22.01
05/22/2012,22.48
05/23/2012,22.33
05/24/2012,21.54
05/25/2012,21.76
05/29/2012,21.03
05/30/2012,24.14
05/31/2012,24.06
06-01-2012,26.66
06-04-2012,26.12
06-05-2012,24.68
06-06-2012,22.16
06-07-2012,21.72
06-08-2012,21.23
06-11-2012,23.56
06-12-2012,22.09
06/13/2012,24.27
06/14/2012,21.68
06/15/2012,21.11
06/18/2012,18.32
06/19/2012,18.38
06/20/2012,17.24
06/21/2012,20.08
06/22/2012,18.11
06/25/2012,20.38
06/26/2012,19.72
06/27/2012,19.45
06/28/2012,19.71
06/29/2012,17.08
07-02-2012,16.74
07-03-2012,16.66
07-05-2012,17.5
07-06-2012,17.1
07-09-2012,17.98
07-10-2012,18.72
07-11-2012,17.95
07-12-2012,18.33
07/13/2012,16.74
07/16/2012,17.11
07/17/2012,16.48
07/18/2012,16.16
07/19/2012,15.45
07/20/2012,16.27
07/23/2012,18.62
07/24/2012,20.47
07/25/2012,19.34
07/26/2012,17.53
07/27/2012,16.7
07/30/2012,18.03
07/31/2012,18.93
08-01-2012,18.96
08-02-2012,17.57
08-03-2012,15.64
08-06-2012,15.95
08-07-2012,15.99
08-08-2012,15.32
08-09-2012,15.28
08-10-2012,14.74
08/13/2012,13.7
08/14/2012,14.85
08/15/2012,14.63
08/16/2012,14.29
08/17/2012,13.45
08/20/2012,14.02
08/21/2012,15.02
08/22/2012,15.11
08/23/2012,15.96
08/24/2012,15.18
08/27/2012,16.35
08/28/2012,16.49
08/29/2012,17.06
08/30/2012,17.83
08/31/2012,17.47
09-04-2012,17.98
09-05-2012,17.74
09-06-2012,15.6
09-07-2012,14.38
09-10-2012,16.28
09-11-2012,16.41
09-12-2012,15.8
09/13/2012,14.05
09/14/2012,14.51
09/17/2012,14.59
09/18/2012,14.18
09/19/2012,13.88
09/20/2012,14.07
09/21/2012,13.98
09/24/2012,14.15
09/25/2012,15.43
09/26/2012,16.81
09/27/2012,14.84
09/28/2012,15.73
10-01-2012,16.32
10-02-2012,15.71
10-03-2012,15.43
10-04-2012,14.55
10-05-2012,14.33
10-08-2012,15.11
10-09-2012,16.37
10-10-2012,16.29
10-11-2012,15.59
10-12-2012,16.14
10/15/2012,15.27
10/16/2012,15.22
10/17/2012,15.07
10/18/2012,15.03
10/19/2012,17.06
10/22/2012,16.62
10/23/2012,18.83
10/24/2012,18.33
10/25/2012,18.12
10/26/2012,17.81
10/31/2012,18.6
11-01-2012,16.69
11-02-2012,17.59
11-05-2012,18.42
11-06-2012,17.58
11-07-2012,19.08
11-08-2012,18.49
11-09-2012,18.61
11-12-2012,16.68
11/13/2012,16.65
11/14/2012,17.92
11/15/2012,17.99
11/16/2012,16.41
11/19/2012,15.24
11/20/2012,15.08
11/21/2012,15.31
11/23/2012,15.14
11/26/2012,15.5
11/27/2012,15.92
11/28/2012,15.51
11/29/2012,15.06
11/30/2012,15.87
12-03-2012,16.64
12-04-2012,17.12
12-05-2012,16.46
12-06-2012,16.58
12-07-2012,15.9
12-10-2012,16.05
12-11-2012,15.57
12-12-2012,15.95
12/13/2012,16.56
12/14/2012,17
12/17/2012,16.34
12/18/2012,15.57
12/19/2012,17.36
12/20/2012,17.67
12/21/2012,17.84
12/24/2012,18.59
12/26/2012,19.48
12/27/2012,19.47
12/28/2012,22.72
12/31/2012,18.02
01-02-2013,14.68
01-03-2013,14.56
01-04-2013,13.83
01-07-2013,13.79
01-08-2013,13.62
01-09-2013,13.81
01-10-2013,13.49
01-11-2013,13.36
01/14/2013,13.52
01/15/2013,13.55
01/16/2013,13.42
01/17/2013,13.57
01/18/2013,12.46
01/22/2013,12.43
01/23/2013,12.46
01/24/2013,12.69
01/25/2013,12.89
01/28/2013,13.57
01/29/2013,13.31
01/30/2013,14.32
01/31/2013,14.28
02-01-2013,12.9
02-04-2013,14.67
02-05-2013,13.72
02-06-2013,13.41
02-07-2013,13.5
02-08-2013,13.02
02-11-2013,12.94
02-12-2013,12.64
02/13/2013,12.98
02/14/2013,12.66
02/15/2013,12.46
02/19/2013,12.31
02/20/2013,14.68
02/21/2013,15.22
02/22/2013,14.17
02/25/2013,18.99
02/26/2013,16.87
02/27/2013,14.73
02/28/2013,15.51
03-01-2013,15.36
03-04-2013,14.01
03-05-2013,13.48
03-06-2013,13.53
03-07-2013,13.06
03-08-2013,12.59
03-11-2013,11.56
03-12-2013,12.27
03/13/2013,11.83
03/14/2013,11.3
03/15/2013,11.3
03/18/2013,13.36
03/19/2013,14.39
03/20/2013,12.67
03/21/2013,13.99
03/22/2013,13.57
03/25/2013,13.74
03/26/2013,12.77
03/27/2013,13.15
03/28/2013,12.7
04-01-2013,13.58
04-02-2013,12.78
04-03-2013,14.21
04-04-2013,13.89
04-05-2013,13.92
04-08-2013,13.19
04-09-2013,12.84
04-10-2013,12.36
04-11-2013,12.24
04-12-2013,12.06
04/15/2013,17.27
04/16/2013,13.96
04/17/2013,16.51
04/18/2013,17.56
04/19/2013,14.97
04/22/2013,14.39
04/23/2013,13.48
04/24/2013,13.61
04/25/2013,13.62
04/26/2013,13.61
04/29/2013,13.71
04/30/2013,13.52
05-01-2013,14.49
05-02-2013,13.59
05-03-2013,12.85
05-06-2013,12.66
05-07-2013,12.83
05-08-2013,12.66
05-09-2013,13.13
05-10-2013,12.59
05/13/2013,12.55
05/14/2013,12.77
05/15/2013,12.81
05/16/2013,13.07
05/17/2013,12.45
05/20/2013,13.02
05/21/2013,13.37
05/22/2013,13.82
05/23/2013,14.07
05/24/2013,13.99
05/28/2013,14.48
05/29/2013,14.83
05/30/2013,14.53
05/31/2013,16.3
06-03-2013,16.28
06-04-2013,16.27
06-05-2013,17.5
06-06-2013,16.63
06-07-2013,15.14
06-10-2013,15.44
06-11-2013,17.07
06-12-2013,18.59
06/13/2013,16.41
06/14/2013,17.15
06/17/2013,16.8
06/18/2013,16.61
06/19/2013,16.64
06/20/2013,20.49
06/21/2013,18.9
06/24/2013,20.11
06/25/2013,18.47
06/26/2013,17.21
06/27/2013,16.86
06/28/2013,16.86
07-01-2013,16.37
07-02-2013,16.44
07-03-2013,16.2
07-05-2013,14.89
07-08-2013,14.78
07-09-2013,14.35
07-10-2013,14.21
07-11-2013,14.01
07-12-2013,13.84
07/15/2013,13.79
07/16/2013,14.42
07/17/2013,13.78
07/18/2013,13.77
07/19/2013,12.54
07/22/2013,12.29
07/23/2013,12.66
07/24/2013,13.18
07/25/2013,12.97
07/26/2013,12.72
07/29/2013,13.39
07/30/2013,13.39
07/31/2013,13.45
08-01-2013,12.94
08-02-2013,11.98
08-05-2013,11.84
08-06-2013,12.72
08-07-2013,12.98
08-08-2013,12.73
08-09-2013,13.41
08-12-2013,12.81
08/13/2013,12.31
08/14/2013,13.04
08/15/2013,14.73
08/16/2013,14.37
08/19/2013,15.1
08/20/2013,14.91
08/21/2013,15.94
08/22/2013,14.76
08/23/2013,13.98
08/26/2013,14.99
08/27/2013,16.77
08/28/2013,16.49
08/29/2013,16.81
08/30/2013,17.01
09-03-2013,16.61
09-04-2013,15.88
09-05-2013,15.77
09-06-2013,15.85
09-09-2013,15.63
09-10-2013,14.53
09-11-2013,13.82
09-12-2013,14.29
09/13/2013,14.16
09/16/2013,14.38
09/17/2013,14.53
09/18/2013,13.59
09/19/2013,13.16
09/20/2013,13.12
09/23/2013,14.31
09/24/2013,14.08
09/25/2013,14.01
09/26/2013,14.06
09/27/2013,15.46
09/30/2013,16.6
10-01-2013,15.54
10-02-2013,16.6
10-03-2013,17.67
10-04-2013,16.74
10-07-2013,19.41
10-08-2013,20.34
10-09-2013,19.6
10-10-2013,16.48
10-11-2013,15.72
10/14/2013,16.07
10/15/2013,18.66
10/16/2013,14.71
10/17/2013,13.48
10/18/2013,13.04
10/21/2013,13.16
10/22/2013,13.33
10/23/2013,13.42
10/24/2013,13.2
10/25/2013,13.09
10/28/2013,13.31
10/29/2013,13.41
10/30/2013,13.65
10/31/2013,13.75
11-01-2013,13.28
11-04-2013,12.93
11-05-2013,13.27
11-06-2013,12.67
11-07-2013,13.91
11-08-2013,12.9
11-11-2013,12.53
11-12-2013,12.82
11/13/2013,12.52
11/14/2013,12.37
11/15/2013,12.19
11/18/2013,13.1
11/19/2013,13.39
11/20/2013,13.4
11/21/2013,12.66
11/22/2013,12.26
11/25/2013,12.79
11/26/2013,12.81
11/27/2013,12.98
11/29/2013,13.7
12-02-2013,14.23
12-03-2013,14.55
12-04-2013,14.7
12-05-2013,15.08
12-06-2013,13.79
12-09-2013,13.49
12-10-2013,13.91
12-11-2013,15.42
12-12-2013,15.54
12/13/2013,15.76
12/16/2013,16.03
12/17/2013,16.21
12/18/2013,13.8
12/19/2013,14.15
12/20/2013,13.79
12/23/2013,13.04
12/24/2013,12.48
12/26/2013,12.33
12/27/2013,12.46
12/30/2013,13.56
12/31/2013,13.72
01-02-2014,14.23
01-03-2014,13.76
01-06-2014,13.55
01-07-2014,12.92
01-08-2014,12.87
01-09-2014,12.89
01-10-2014,12.14
01/13/2014,13.28
01/14/2014,12.28
01/15/2014,12.28
01/16/2014,12.53
01/17/2014,12.44
01/21/2014,12.87
01/22/2014,12.84
01/23/2014,13.77
01/24/2014,18.14
01/27/2014,17.42
01/28/2014,15.8
01/29/2014,17.35
01/30/2014,17.29
01/31/2014,18.41
02-03-2014,21.44
02-04-2014,19.11
02-05-2014,19.95
02-06-2014,17.23
02-07-2014,15.29
02-10-2014,15.26
02-11-2014,14.51
02-12-2014,14.3
02/13/2014,14.14
02/14/2014,13.57
02/18/2014,13.87
02/19/2014,15.5
02/20/2014,14.79
02/21/2014,14.68
02/24/2014,14.23
02/25/2014,13.67
02/26/2014,14.35
02/27/2014,14.04
02/28/2014,14
03-03-2014,16
03-04-2014,14.1
03-05-2014,13.89
03-06-2014,14.21
03-07-2014,14.11
03-10-2014,14.2
03-11-2014,14.8
03-12-2014,14.47
03/13/2014,16.22
03/14/2014,17.82
03/17/2014,15.64
03/18/2014,14.52
03/19/2014,15.12
03/20/2014,14.52
03/21/2014,15
03/24/2014,15.09
03/25/2014,14.02
03/26/2014,14.93
03/27/2014,14.62
03/28/2014,14.41
03/31/2014,13.88
04-01-2014,13.1
04-02-2014,13.09
04-03-2014,13.37
04-04-2014,13.96
04-07-2014,15.57
04-08-2014,14.89
04-09-2014,13.82
04-10-2014,15.89
04-11-2014,17.03
04/14/2014,16.11
04/15/2014,15.61
04/16/2014,14.18
04/17/2014,13.36
04/21/2014,13.25
04/22/2014,13.19
04/23/2014,13.27
04/24/2014,13.32
04/25/2014,14.06
04/28/2014,13.97
04/29/2014,13.71
04/30/2014,13.41
05-01-2014,13.25
05-02-2014,12.91
05-05-2014,13.29
05-06-2014,13.8
05-07-2014,13.4
05-08-2014,13.43
05-09-2014,12.92
05-12-2014,12.23
05/13/2014,12.13
05/14/2014,12.17
05/15/2014,13.17
05/16/2014,12.44
05/19/2014,12.42
05/20/2014,12.96
05/21/2014,11.91
05/22/2014,12.03
05/23/2014,11.36
05/27/2014,11.51
05/28/2014,11.68
05/29/2014,11.57
05/30/2014,11.4
06-02-2014,11.58
06-03-2014,11.87
06-04-2014,12.08
06-05-2014,11.68
06-06-2014,10.73
06-09-2014,11.15
06-10-2014,10.99
06-11-2014,11.6
06-12-2014,12.56
06/13/2014,12.18
06/16/2014,12.65
06/17/2014,12.06
06/18/2014,10.61
06/19/2014,10.62
06/20/2014,10.85
06/23/2014,10.98
06/24/2014,12.13
06/25/2014,11.59
06/26/2014,11.63
06/27/2014,11.26
06/30/2014,11.57
07-01-2014,11.15
07-02-2014,10.82
07-03-2014,10.32
07-07-2014,11.33
07-08-2014,11.98
07-09-2014,11.65
07-10-2014,12.59
07-11-2014,12.08
07/14/2014,11.82
07/15/2014,11.96
07/16/2014,11
07/17/2014,14.54
07/18/2014,12.06
07/21/2014,12.81
07/22/2014,12.24
07/23/2014,11.52
07/24/2014,11.84
07/25/2014,12.69
07/28/2014,12.56
07/29/2014,13.28
07/30/2014,13.33
07/31/2014,16.95
08-01-2014,17.03
08-04-2014,15.12
08-05-2014,16.87
08-06-2014,16.37
08-07-2014,16.66
08-08-2014,15.77
08-11-2014,14.23
08-12-2014,14.13
08/13/2014,12.9
08/14/2014,12.42
08/15/2014,13.15
08/18/2014,12.32
08/19/2014,12.21
08/20/2014,11.78
08/21/2014,11.76
08/22/2014,11.47
08/25/2014,11.7
08/26/2014,11.63
08/27/2014,11.78
08/28/2014,12.05
08/29/2014,11.98
09-02-2014,12.25
09-03-2014,12.36
09-04-2014,12.64
09-05-2014,12.09
09-08-2014,12.66
09-09-2014,13.5
09-10-2014,12.88
09-11-2014,12.8
09-12-2014,13.31
09/15/2014,14.12
09/16/2014,12.73
09/17/2014,12.65
09/18/2014,12.03
09/19/2014,12.11
09/22/2014,13.69
09/23/2014,14.93
09/24/2014,13.27
09/25/2014,15.64
09/26/2014,14.85
09/29/2014,15.98
09/30/2014,16.31
10-01-2014,16.71
10-02-2014,16.16
10-03-2014,14.55
10-06-2014,15.46
10-07-2014,17.2
10-08-2014,15.11
10-09-2014,18.76
10-10-2014,21.24
10/13/2014,24.64
10/14/2014,22.79
10/15/2014,26.25
10/16/2014,25.2
10/17/2014,21.99
10/20/2014,18.57
10/21/2014,16.08
10/22/2014,17.87
10/23/2014,16.53
10/24/2014,16.11
10/27/2014,16.04
10/28/2014,14.39
10/29/2014,15.15
10/30/2014,14.52
10/31/2014,14.03
11-03-2014,14.73
11-04-2014,14.89
11-05-2014,14.17
11-06-2014,13.67
11-07-2014,13.12
11-10-2014,12.67
11-11-2014,12.92
11-12-2014,13.02
11/13/2014,13.79
11/14/2014,13.31
11/17/2014,13.99
11/18/2014,13.86
11/19/2014,13.96
11/20/2014,13.58
11/21/2014,12.9
11/24/2014,12.62
11/25/2014,12.25
11/26/2014,12.07
11/28/2014,13.33
12-01-2014,14.29
12-02-2014,12.85
12-03-2014,12.47
12-04-2014,12.38
12-05-2014,11.82
12-08-2014,14.21
12-09-2014,14.89
12-10-2014,18.53
12-11-2014,20.08
12-12-2014,21.08
12/15/2014,20.42
12/16/2014,23.57
12/17/2014,19.44
12/18/2014,16.81
12/19/2014,16.49
12/22/2014,15.25
12/23/2014,14.8
12/24/2014,14.37
12/26/2014,14.5
12/29/2014,15.06
12/30/2014,15.92
12/31/2014,19.2
01-02-2015,17.79
01-05-2015,19.92
01-06-2015,21.12
01-07-2015,19.31
01-08-2015,17.01
01-09-2015,17.55
01-12-2015,19.6
01/13/2015,20.56
01/14/2015,21.48
01/15/2015,22.39
01/16/2015,20.95
01/20/2015,19.89
01/21/2015,18.85
01/22/2015,16.4
01/23/2015,16.66
01/26/2015,15.52
01/27/2015,17.22
01/28/2015,20.44
01/29/2015,18.76
01/30/2015,20.97
02-02-2015,19.43
02-03-2015,17.33
02-04-2015,18.33
02-05-2015,16.85
02-06-2015,17.29
02-09-2015,18.55
02-10-2015,17.23
02-11-2015,16.96
02-12-2015,15.34
02/13/2015,14.69
02/17/2015,15.8
02/18/2015,15.45
02/19/2015,15.29
02/20/2015,14.3
02/23/2015,14.56
02/24/2015,13.69
02/25/2015,13.84
02/26/2015,13.91
02/27/2015,13.34
03-02-2015,13.04
03-03-2015,13.86
03-04-2015,14.23
03-05-2015,14.04
03-06-2015,15.2
03-09-2015,15.06
03-10-2015,16.69
03-11-2015,16.87
03-12-2015,15.42
03/13/2015,16
03/16/2015,15.61
03/17/2015,15.66
03/18/2015,13.97
03/19/2015,14.07
03/20/2015,13.02
03/23/2015,13.41
03/24/2015,13.62
03/25/2015,15.44
03/26/2015,15.8
03/27/2015,15.07
03/30/2015,14.51
03/31/2015,15.29
04-01-2015,15.11
04-02-2015,14.67
04-06-2015,14.74
04-07-2015,14.78
04-08-2015,13.98
04-09-2015,13.09
04-10-2015,12.58
04/13/2015,13.94
04/14/2015,13.67
04/15/2015,12.84
04/16/2015,12.6
04/17/2015,13.89
04/20/2015,13.3
04/21/2015,13.25
04/22/2015,12.71
04/23/2015,12.48
04/24/2015,12.29
04/27/2015,13.12
04/28/2015,12.41
04/29/2015,13.39
04/30/2015,14.55
05-01-2015,12.7
05-04-2015,12.85
05-05-2015,14.31
05-06-2015,15.15
05-07-2015,15.13
05-08-2015,12.86
05-11-2015,13.85
05-12-2015,13.86
05/13/2015,13.76
05/14/2015,12.74
05/15/2015,12.38
05/18/2015,12.73
05/19/2015,12.85
05/20/2015,12.88
05/21/2015,12.11
05/22/2015,12.13
05/26/2015,14.06
05/27/2015,13.27
05/28/2015,13.31
05/29/2015,13.84
06-01-2015,13.97
06-02-2015,14.24
06-03-2015,13.66
06-04-2015,14.71
06-05-2015,14.21
06-08-2015,15.29
06-09-2015,14.47
06-10-2015,13.22
06-11-2015,12.85
06-12-2015,13.78
06/15/2015,15.39
06/16/2015,14.81
06/17/2015,14.5
06/18/2015,13.19
06/19/2015,13.96
06/22/2015,12.74
06/23/2015,12.11
06/24/2015,13.26
06/25/2015,14.01
06/26/2015,14.02
06/29/2015,18.85
06/30/2015,18.23
07-01-2015,16.09
07-02-2015,16.79
07-06-2015,17.01
07-07-2015,16.09
07-08-2015,19.66
07-09-2015,19.97
07-10-2015,16.83
07/13/2015,13.9
07/14/2015,13.37
07/15/2015,13.23
07/16/2015,12.11
07/17/2015,11.95
07/20/2015,12.25
07/21/2015,12.22
07/22/2015,12.12
07/23/2015,12.63
07/24/2015,13.74
07/27/2015,15.6
07/28/2015,13.44
07/29/2015,12.5
07/30/2015,12.13
07/31/2015,12.12
08-03-2015,12.56
08-04-2015,13
08-05-2015,12.51
08-06-2015,13.77
08-07-2015,13.39
08-10-2015,12.23
08-11-2015,13.71
08-12-2015,13.61
08/13/2015,13.49
08/14/2015,12.83
08/17/2015,13.02
08/18/2015,13.79
08/19/2015,15.25
08/20/2015,19.14
08/21/2015,28.03
08/24/2015,40.74
08/25/2015,36.02
08/26/2015,30.32
08/27/2015,26.1
08/28/2015,26.05
08/31/2015,28.43
09-01-2015,31.4
09-02-2015,26.09
09-03-2015,25.61
09-04-2015,27.8
09-08-2015,24.9
09-09-2015,26.23
09-10-2015,24.37
09-11-2015,23.2
09/14/2015,24.25
09/15/2015,22.54
09/16/2015,21.35
09/17/2015,21.14
09/18/2015,22.28
09/21/2015,20.14
09/22/2015,22.44
09/23/2015,22.13
09/24/2015,23.47
09/25/2015,23.62
09/28/2015,27.63
09/29/2015,26.83
09/30/2015,24.5
10-01-2015,22.55
10-02-2015,20.94
10-05-2015,19.54
10-06-2015,19.4
10-07-2015,18.4
10-08-2015,17.42
10-09-2015,17.08
10-12-2015,16.17
10/13/2015,17.67
10/14/2015,18.03
10/15/2015,16.05
10/16/2015,15.05
10/19/2015,14.98
10/20/2015,15.75
10/21/2015,16.7
10/22/2015,14.45
10/23/2015,14.46
10/26/2015,15.29
10/27/2015,15.43
10/28/2015,14.33
10/29/2015,14.61
10/30/2015,15.07
11-02-2015,14.15
11-03-2015,14.54
11-04-2015,15.51
11-05-2015,15.05
11-06-2015,14.33
11-09-2015,16.52
11-10-2015,15.29
11-11-2015,16.06
11-12-2015,18.37
11/13/2015,20.08
11/16/2015,18.16
11/17/2015,18.84
11/18/2015,16.85
11/19/2015,16.99
11/20/2015,15.47
11/23/2015,15.62
11/24/2015,15.93
11/25/2015,15.19
11/27/2015,15.12
11/30/2015,16.13
12-01-2015,14.67
12-02-2015,15.91
12-03-2015,18.11
12-04-2015,14.81
12-07-2015,15.84
12-08-2015,17.6
12-09-2015,19.61
12-10-2015,19.34
12-11-2015,24.39
12/14/2015,22.73
12/15/2015,20.95
12/16/2015,17.86
12/17/2015,18.94
12/18/2015,20.7
12/21/2015,18.7
12/22/2015,16.6
12/23/2015,15.57
12/24/2015,15.74
12/28/2015,16.91
12/29/2015,16.08
12/30/2015,17.29
12/31/2015,18.21
01-04-2016,20.7
01-05-2016,19.34
01-06-2016,20.59
01-07-2016,24.99
01-08-2016,27.01
01-11-2016,24.3
01-12-2016,22.47
01/13/2016,25.22
01/14/2016,23.95
01/15/2016,27.02
01/19/2016,26.05
01/20/2016,27.59
01/21/2016,26.69
01/22/2016,22.34
01/25/2016,24.15
01/26/2016,22.5
01/27/2016,23.11
01/28/2016,22.42
01/29/2016,20.2
02-01-2016,19.98
02-02-2016,21.98
02-03-2016,21.65
02-04-2016,21.84
02-05-2016,23.38
02-08-2016,26
02-09-2016,26.54
02-10-2016,26.29
02-11-2016,28.14
02-12-2016,25.4
02/16/2016,24.11
02/17/2016,22.31
02/18/2016,21.64
02/19/2016,20.53
02/22/2016,19.38
02/23/2016,20.98
02/24/2016,20.72
02/25/2016,19.11
02/26/2016,19.81
02/29/2016,20.55
03-01-2016,17.7
03-02-2016,17.09
03-03-2016,16.7
03-04-2016,16.86
03-07-2016,17.35
03-08-2016,18.67
03-09-2016,18.34
03-10-2016,18.05
03-11-2016,16.5
03/14/2016,16.92
03/15/2016,16.84
03/16/2016,14.99
03/17/2016,14.44
03/18/2016,14.02
03/21/2016,13.79
03/22/2016,14.17
03/23/2016,14.94
03/24/2016,14.74
03/28/2016,15.24
03/29/2016,13.82
03/30/2016,13.56
03/31/2016,13.95
04-01-2016,13.1
04-04-2016,14.12
04-05-2016,15.42
04-06-2016,14.09
04-07-2016,16.16
04-08-2016,15.36
04-11-2016,16.26
04-12-2016,14.85
04/13/2016,13.84
04/14/2016,13.72
04/15/2016,13.62
04/18/2016,13.35
04/19/2016,13.24
04/20/2016,13.28
04/21/2016,13.95
04/22/2016,13.22
04/25/2016,14.08
04/26/2016,13.96
04/27/2016,13.77
04/28/2016,15.22
04/29/2016,15.7
05-02-2016,14.68
05-03-2016,15.6
05-04-2016,16.05
05-05-2016,15.91
05-06-2016,14.72
05-09-2016,14.57
05-10-2016,13.63
05-11-2016,14.69
05-12-2016,14.41
05/13/2016,15.04
05/16/2016,14.68
05/17/2016,15.57
05/18/2016,15.95
05/19/2016,16.33
05/20/2016,15.2
05/23/2016,15.82
05/24/2016,14.42
05/25/2016,13.9
05/26/2016,13.43
05/27/2016,13.12
05/31/2016,14.19
06-01-2016,14.2
06-02-2016,13.63
06-03-2016,13.47
06-06-2016,13.65
06-07-2016,14.05
06-08-2016,14.08
06-09-2016,14.64
06-10-2016,17.03
06/13/2016,20.97
06/14/2016,20.5
06/15/2016,20.14
06/16/2016,19.37
06/17/2016,19.41
06/20/2016,18.37
06/21/2016,18.48
06/22/2016,21.17
06/23/2016,17.25
06/24/2016,25.76
06/27/2016,23.85
06/28/2016,18.75
06/29/2016,16.64
06/30/2016,15.63
07-01-2016,14.77
07-05-2016,15.58
07-06-2016,14.96
07-07-2016,14.76
07-08-2016,13.2
07-11-2016,13.54
07-12-2016,13.55
07/13/2016,13.04
07/14/2016,12.82
07/15/2016,12.67
07/18/2016,12.44
07/19/2016,11.97
07/20/2016,11.77
07/21/2016,12.74
07/22/2016,12.02
07/25/2016,12.87
07/26/2016,13.05
07/27/2016,12.83
07/28/2016,12.72
07/29/2016,11.87
08-01-2016,12.44
08-02-2016,13.37
08-03-2016,12.86
08-04-2016,12.42
08-05-2016,11.39
08-08-2016,11.5
08-09-2016,11.66
08-10-2016,12.05
08-11-2016,11.68
08-12-2016,11.55
08/15/2016,11.81
08/16/2016,12.64
08/17/2016,12.19
08/18/2016,11.43
08/19/2016,11.34
08/22/2016,12.27
08/23/2016,12.38
08/24/2016,13.45
08/25/2016,13.63
08/26/2016,13.65
08/29/2016,12.94
08/30/2016,13.12
08/31/2016,13.42
09-01-2016,13.48
09-02-2016,11.98
09-06-2016,12.02
09-07-2016,11.94
09-08-2016,12.51
09-09-2016,17.5
09-12-2016,15.16
09/13/2016,17.85
09/14/2016,18.14
09/15/2016,16.3
09/16/2016,15.37
09/19/2016,15.53
09/20/2016,15.92
09/21/2016,13.3
09/22/2016,12.02
09/23/2016,12.29
09/26/2016,14.5
09/27/2016,13.1
09/28/2016,12.39
09/29/2016,14.02
09/30/2016,13.29
10-03-2016,13.57
10-04-2016,13.63
10-05-2016,12.99
10-06-2016,12.84
10-07-2016,13.48
10-10-2016,13.38
10-11-2016,15.36
10-12-2016,15.91
10/13/2016,16.69
10/14/2016,16.12
10/17/2016,16.21
10/18/2016,15.28
10/19/2016,14.41
10/20/2016,13.75
10/21/2016,13.34
10/24/2016,13.02
10/25/2016,13.46
10/26/2016,14.24
10/27/2016,15.36
10/28/2016,16.19
10/31/2016,17.06
11-01-2016,18.56
11-02-2016,19.32
11-03-2016,22.08
11-04-2016,22.51
11-07-2016,18.71
11-08-2016,18.74
11-09-2016,14.38
11-10-2016,14.74
11-11-2016,14.17
11/14/2016,14.48
11/15/2016,13.37
11/16/2016,13.72
11/17/2016,13.35
11/18/2016,12.85
11/21/2016,12.42
11/22/2016,12.41
11/23/2016,12.43
11/25/2016,12.34
11/28/2016,13.15
11/29/2016,12.9
11/30/2016,13.33
12-01-2016,14.07
12-02-2016,14.12
12-05-2016,12.14
12-06-2016,11.79
12-07-2016,12.22
12-08-2016,12.64
12-09-2016,11.75
12-12-2016,12.64
12/13/2016,12.72
12/14/2016,13.19
12/15/2016,12.79
12/16/2016,12.2
12/19/2016,11.71
12/20/2016,11.45
12/21/2016,11.27
12/22/2016,11.43
12/23/2016,11.44
12/27/2016,11.99
12/28/2016,12.95
12/29/2016,13.37
12/30/2016,14.04
01-03-2017,12.85
01-04-2017,11.85
01-05-2017,11.67
01-06-2017,11.32
01-09-2017,11.56
01-10-2017,11.49
01-11-2017,11.26
01-12-2017,11.54
01/13/2017,11.23
01/17/2017,11.87
01/18/2017,12.48
01/19/2017,12.78
01/20/2017,11.54
01/23/2017,11.77
01/24/2017,11.07
01/25/2017,10.81
01/26/2017,10.63
01/27/2017,10.58
01/30/2017,11.88
01/31/2017,11.99
02-01-2017,11.81
02-02-2017,11.93
02-03-2017,10.97
02-06-2017,11.37
02-07-2017,11.29
02-08-2017,11.45
02-09-2017,10.88
02-10-2017,10.85
02/13/2017,11.07
02/14/2017,10.74
02/15/2017,11.97
02/16/2017,11.76
02/17/2017,11.49
02/21/2017,11.57
02/22/2017,11.74
02/23/2017,11.71
02/24/2017,11.47
02/27/2017,12.09
02/28/2017,12.92
03-01-2017,12.54
03-02-2017,11.81
03-03-2017,10.96
03-06-2017,11.24
03-07-2017,11.45
03-08-2017,11.86
03-09-2017,12.3
03-10-2017,11.66
03/13/2017,11.35
03/14/2017,12.3
03/15/2017,11.63
03/16/2017,11.21
03/17/2017,11.28
03/20/2017,11.34
03/21/2017,12.47
03/22/2017,12.81
03/23/2017,13.12
03/24/2017,12.96
03/27/2017,12.5
03/28/2017,11.53
03/29/2017,11.42
03/30/2017,11.54
03/31/2017,12.37
04-03-2017,12.38
04-04-2017,11.79
04-05-2017,12.89
04-06-2017,12.39
04-07-2017,12.87
04-10-2017,14.05
04-11-2017,15.07
04-12-2017,15.77
04/13/2017,15.96
04/17/2017,14.66
04/18/2017,14.42
04/19/2017,14.93
04/20/2017,14.15
04/21/2017,14.63
04/24/2017,10.84
04/25/2017,10.76
04/26/2017,10.85
04/27/2017,10.36
04/28/2017,10.82
05-01-2017,10.11
05-02-2017,10.59
05-03-2017,10.68
05-04-2017,10.46
05-05-2017,10.57
05-08-2017,9.77
05-09-2017,9.96
05-10-2017,10.21
05-11-2017,10.6
05-12-2017,10.4
05/15/2017,10.42
05/16/2017,10.65
05/17/2017,15.59
05/18/2017,14.66
05/19/2017,12.04
05/22/2017,10.93
05/23/2017,10.72
05/24/2017,10.02
05/25/2017,9.99
05/26/2017,9.81
05/30/2017,10.38
05/31/2017,10.41
06-01-2017,9.89
06-02-2017,9.75
06-05-2017,10.07
06-06-2017,10.45
06-07-2017,10.39
06-08-2017,10.16
06-09-2017,10.7
06-12-2017,11.46
06/13/2017,10.42
06/14/2017,10.64
06/15/2017,10.9
06/16/2017,10.38
06/19/2017,10.37
06/20/2017,10.86
06/21/2017,10.75
06/22/2017,10.48
06/23/2017,10.02
06/26/2017,9.9
06/27/2017,11.06
06/28/2017,10.03
06/29/2017,11.44
06/30/2017,11.18
07-03-2017,11.22
07-05-2017,11.07
07-06-2017,12.54
07-07-2017,11.19
07-10-2017,11.11
07-11-2017,10.89
07-12-2017,10.3
07/13/2017,9.9
07/14/2017,9.51
07/17/2017,9.82
07/18/2017,9.89
07/19/2017,9.79
07/20/2017,9.58
07/21/2017,9.36
07/24/2017,9.43
07/25/2017,9.43
07/26/2017,9.6
07/27/2017,10.11
07/28/2017,10.29
07/31/2017,10.26
08-01-2017,10.09
08-02-2017,10.28
08-03-2017,10.44
08-04-2017,10.03
08-07-2017,9.93
08-08-2017,10.96
08-09-2017,11.11
08-10-2017,16.04
08-11-2017,15.51
08/14/2017,12.33
08/15/2017,12.04
08/16/2017,11.74
08/17/2017,15.55
08/18/2017,14.26
08/21/2017,13.19
08/22/2017,11.35
08/23/2017,12.25
08/24/2017,12.23
08/25/2017,11.28
08/28/2017,11.32
08/29/2017,11.7
08/30/2017,11.22
08/31/2017,10.59
09-01-2017,10.13
09-05-2017,12.23
09-06-2017,11.63
09-07-2017,11.55
09-08-2017,12.12
09-11-2017,10.73
09-12-2017,10.58
09/13/2017,10.5
09/14/2017,10.44
09/15/2017,10.17
09/18/2017,10.15
09/19/2017,10.18
09/20/2017,9.78
09/21/2017,9.67
09/22/2017,9.59
09/25/2017,10.21
09/26/2017,10.17
09/27/2017,9.87
09/28/2017,9.55
09/29/2017,9.51
10-02-2017,9.45
10-03-2017,9.51
10-04-2017,9.63
10-05-2017,9.19
10-06-2017,9.65
10-09-2017,10.33
10-10-2017,10.08
10-11-2017,9.85
10-12-2017,9.91
10/13/2017,9.61
10/16/2017,9.91
10/17/2017,10.31
10/18/2017,10.07
10/19/2017,10.05
10/20/2017,9.97
10/23/2017,11.07
10/24/2017,11.16
10/25/2017,11.23
10/26/2017,11.3
10/27/2017,9.8
10/30/2017,10.5
10/31/2017,10.18
11-01-2017,10.2
11-02-2017,9.93
11-03-2017,9.14
11-06-2017,9.4
11-07-2017,9.89
11-08-2017,9.78
11-09-2017,10.5
11-10-2017,11.29
11/13/2017,11.5
11/14/2017,11.59
11/15/2017,13.13
11/16/2017,11.76
11/17/2017,11.43
11/20/2017,10.65
11/21/2017,9.73
11/22/2017,9.88
11/24/2017,9.67
11/27/2017,9.87
11/28/2017,10.03
11/29/2017,10.7
11/30/2017,11.28
12-01-2017,11.43
12-04-2017,11.68
12-05-2017,11.33
12-06-2017,11.02
12-07-2017,10.16
12-08-2017,9.58
12-11-2017,9.34
12-12-2017,9.92
12/13/2017,10.18
12/14/2017,10.49
12/15/2017,9.42
12/18/2017,9.53
12/19/2017,10.03
12/20/2017,9.72
12/21/2017,9.62
12/22/2017,9.9
12/26/2017,10.25
12/27/2017,10.47
12/28/2017,10.18
12/29/2017,11.04
01-02-2018,9.77
01-03-2018,9.15
01-04-2018,9.22
01-05-2018,9.22
01-08-2018,9.52
01-09-2018,10.08
01-10-2018,9.82
01-11-2018,9.88
01-12-2018,10.16
01/16/2018,11.66
01/17/2018,11.91
01/18/2018,12.22
01/19/2018,11.27
01/22/2018,11.03
01/23/2018,11.1
01/24/2018,11.47
01/25/2018,11.58
01/26/2018,11.08
01/29/2018,13.84
01/30/2018,14.79
01/31/2018,13.54
02-01-2018,13.47
02-02-2018,17.31
02-05-2018,37.32
02-06-2018,29.98
02-07-2018,27.73
02-08-2018,33.46
02-09-2018,29.06
02-12-2018,25.61
02/13/2018,24.97
02/14/2018,19.26
02/15/2018,19.13
02/16/2018,19.46
02/20/2018,20.6
02/21/2018,20.02
02/22/2018,18.72
02/23/2018,16.49
02/26/2018,15.8
02/27/2018,18.59
02/28/2018,19.85
03-01-2018,22.47
03-02-2018,19.59
03-05-2018,18.73
03-06-2018,18.36
03-07-2018,17.76
03-08-2018,16.54
03-09-2018,14.64
03-12-2018,15.78
03/13/2018,16.35
03/14/2018,17.23
03/15/2018,16.59
03/16/2018,15.8
03/19/2018,19.02
03/20/2018,18.2
03/21/2018,17.86
03/22/2018,23.34
03/23/2018,24.87
03/26/2018,21.03
03/27/2018,22.5
03/28/2018,22.87
03/29/2018,19.97
04-02-2018,23.62
04-03-2018,21.1
04-04-2018,20.06
04-05-2018,18.94
04-06-2018,21.49
04-09-2018,21.77
04-10-2018,20.47
04-11-2018,20.24
04-12-2018,18.49
04/13/2018,17.41
04/16/2018,16.56
04/17/2018,15.25
04/18/2018,15.6
04/19/2018,15.96
04/20/2018,16.88
04/23/2018,16.34
04/24/2018,18.02
04/25/2018,17.84
04/26/2018,16.24
04/27/2018,15.41
04/30/2018,15.93
05-01-2018,15.49
05-02-2018,15.97
05-03-2018,15.9
05-04-2018,14.77
05-07-2018,14.75
05-08-2018,14.71
05-09-2018,13.42
05-10-2018,13.23
05-11-2018,12.65
05/14/2018,12.93
05/15/2018,14.63
05/16/2018,13.42
05/17/2018,13.43
05/18/2018,13.42
05/21/2018,13.08
05/22/2018,13.22
05/23/2018,12.58
05/24/2018,12.53
05/25/2018,13.22
05/29/2018,17.02
05/30/2018,14.94
05/31/2018,15.43
06-01-2018,13.46
06-04-2018,12.74
06-05-2018,12.4
06-06-2018,11.64
06-07-2018,12.13
06-08-2018,12.18
06-11-2018,12.35
06-12-2018,12.34
06/13/2018,12.94
06/14/2018,12.12
06/15/2018,11.98
06/18/2018,12.31
06/19/2018,13.35
06/20/2018,12.79
06/21/2018,14.64
06/22/2018,13.77
06/25/2018,17.33
06/26/2018,15.92
06/27/2018,17.91
06/28/2018,16.85
06/29/2018,16.09
07-02-2018,15.6
07-03-2018,16.14
07-05-2018,14.97
07-06-2018,13.37
07-09-2018,12.69
07-10-2018,12.64
07-11-2018,13.63
07-12-2018,12.58
07/13/2018,12.18
07/16/2018,12.83
07/17/2018,12.06
07/18/2018,12.1
07/19/2018,12.87
07/20/2018,12.86
07/23/2018,12.62
07/24/2018,12.41
07/25/2018,12.29
07/26/2018,12.14
07/27/2018,13.03
07/30/2018,14.26
07/31/2018,12.83
08-01-2018,13.15
08-02-2018,12.19
08-03-2018,11.64
08-06-2018,11.27
08-07-2018,10.93
08-08-2018,10.85
08-09-2018,11.27
08-10-2018,13.16
08/13/2018,14.78
08/14/2018,13.31
08/15/2018,14.64
08/16/2018,13.45
08/17/2018,12.64
08/20/2018,12.49
08/21/2018,12.86
08/22/2018,12.25
08/23/2018,12.41
08/24/2018,11.99
08/27/2018,12.16
08/28/2018,12.5
08/29/2018,12.25
08/30/2018,13.53
08/31/2018,12.86
09-04-2018,13.16
09-05-2018,13.91
09-06-2018,14.65
09-07-2018,14.88
09-10-2018,14.16
09-11-2018,13.22
09-12-2018,13.14
09/13/2018,12.37
09/14/2018,12.07
09/17/2018,13.68
09/18/2018,12.79
09/19/2018,11.75
09/20/2018,11.8
09/21/2018,11.68
09/24/2018,12.2
09/25/2018,12.42
09/26/2018,12.89
09/27/2018,12.41
09/28/2018,12.12
10-01-2018,12
10-02-2018,12.05
10-03-2018,11.61
10-04-2018,14.22
10-05-2018,14.82
10-08-2018,15.69
10-09-2018,15.95
10-10-2018,22.96
10-11-2018,24.98
10-12-2018,21.31
10/15/2018,21.3
10/16/2018,17.62
10/17/2018,17.4
10/18/2018,20.06
10/19/2018,19.89
10/22/2018,19.64
10/23/2018,20.71
10/24/2018,25.23
10/25/2018,24.22
10/26/2018,24.16
10/29/2018,24.7
10/30/2018,23.35
10/31/2018,21.23
11-01-2018,19.34
11-02-2018,19.51
11-05-2018,19.96
11-06-2018,19.91
11-07-2018,16.36
11-08-2018,16.72
11-09-2018,17.36
11-12-2018,20.45
11/13/2018,20.02
11/14/2018,21.25
11/15/2018,19.98
11/16/2018,18.14
11/19/2018,20.1
11/20/2018,22.48
11/21/2018,20.8
11/23/2018,21.52
11/26/2018,18.9
11/27/2018,19.02
11/28/2018,18.49
11/29/2018,18.79
11/30/2018,18.07
12-03-2018,16.44
12-04-2018,20.74
12-06-2018,21.19
12-07-2018,23.23
12-10-2018,22.64
12-11-2018,21.76
12-12-2018,21.46
12/13/2018,20.65
12/14/2018,21.63
12/17/2018,24.52
12/18/2018,25.58
12/19/2018,25.58
12/20/2018,28.38
12/21/2018,30.11
12/24/2018,36.07
12/26/2018,30.41
12/27/2018,29.96
12/28/2018,28.34
12/31/2018,25.42
01-02-2019,23.22
01-03-2019,25.45
01-04-2019,21.38
01-07-2019,21.4
01-08-2019,20.47
01-09-2019,19.98
01-10-2019,19.5
01-11-2019,18.19
01/14/2019,19.07
01/15/2019,18.6
01/16/2019,19.04
01/17/2019,18.06
01/18/2019,17.8
01/22/2019,20.8
01/23/2019,19.52
01/24/2019,18.89
01/25/2019,17.42
01/28/2019,18.87
01/29/2019,19.13
01/30/2019,17.66
01/31/2019,16.57
02-01-2019,16.14
02-04-2019,15.73
02-05-2019,15.57
02-06-2019,15.38
02-07-2019,16.37
02-08-2019,15.72
02-11-2019,15.97
02-12-2019,15.43
02/13/2019,15.65
02/14/2019,16.22
02/15/2019,14.91
02/19/2019,14.88
02/20/2019,14.02
02/21/2019,14.46
02/22/2019,13.51
02/25/2019,14.85
02/26/2019,15.17
02/27/2019,14.7
02/28/2019,14.7
03-01-2019,13.57
03-04-2019,14.63
03-05-2019,14.74
03-06-2019,15.74
03-07-2019,16.59
03-08-2019,16.05
03-11-2019,14.33
03-12-2019,13.77
03/13/2019,13.41
03/14/2019,13.5
03/15/2019,12.88
03/18/2019,13.1
03/19/2019,13.56
03/20/2019,13.91
03/21/2019,13.63
03/22/2019,16.48
03/25/2019,16.33
03/26/2019,14.68
03/27/2019,15.15
03/28/2019,14.43
03/29/2019,13.71
04-01-2019,13.4
04-02-2019,13.36
04-03-2019,13.74
04-04-2019,13.58
04-05-2019,12.82
04-08-2019,13.18
04-09-2019,14.28
04-10-2019,13.3
04-11-2019,13.02
04-12-2019,12.01
04/15/2019,12.32
04/16/2019,12.18
04/17/2019,12.6
04/18/2019,12.09
04/22/2019,12.42
04/23/2019,12.28
04/24/2019,13.14
04/25/2019,13.25
04/26/2019,12.73
04/29/2019,13.11
04/30/2019,13.12
05-01-2019,14.8
05-02-2019,14.42
05-03-2019,12.87
05-06-2019,15.44
05-07-2019,19.32
05-08-2019,19.4
05-09-2019,19.1
05-10-2019,16.04
05/13/2019,20.55
05/14/2019,18.06
05/15/2019,16.44
05/16/2019,15.29
05/17/2019,15.96
05/20/2019,16.31
05/21/2019,14.95
05/22/2019,14.75
05/23/2019,16.92
05/24/2019,15.85
05/28/2019,17.5
05/29/2019,17.9
05/30/2019,17.3
05/31/2019,18.71
06-03-2019,18.86
06-04-2019,16.97
06-05-2019,16.09
06-06-2019,15.93
06-07-2019,16.3
06-10-2019,15.94
06-11-2019,15.99
06-12-2019,15.91
06/13/2019,15.82
06/14/2019,15.28
06/17/2019,15.35
06/18/2019,15.15
06/19/2019,14.33
06/20/2019,14.75
06/21/2019,15.4
06/24/2019,15.26
06/25/2019,16.28
06/26/2019,16.21
06/27/2019,15.82
06/28/2019,15.08
07-01-2019,14.06
07-02-2019,12.93
07-03-2019,12.57
07-05-2019,13.28
07-08-2019,13.96
07-09-2019,14.09
07-10-2019,13.03
07-11-2019,12.93
07-12-2019,12.39
07/15/2019,12.68
07/16/2019,12.86
07/17/2019,13.97
07/18/2019,13.53
07/19/2019,14.45
07/22/2019,13.53
07/23/2019,12.61
07/24/2019,12.07
07/25/2019,12.74
07/26/2019,12.16
07/29/2019,12.83
07/30/2019,13.94
07/31/2019,16.12
08-01-2019,17.87
08-02-2019,17.61
08-05-2019,24.59
08-06-2019,20.17
08-07-2019,19.49
08-08-2019,16.91
08-09-2019,17.97
08-12-2019,21.09
08/13/2019,17.52
08/14/2019,22.1
08/15/2019,21.18
08/16/2019,18.47
08/19/2019,16.88
08/20/2019,17.5
08/21/2019,15.8
08/22/2019,16.68
08/23/2019,19.87
08/26/2019,19.32
08/27/2019,20.31
08/28/2019,19.35
08/29/2019,17.88
08/30/2019,18.98
09-03-2019,19.66
09-04-2019,17.33
09-05-2019,16.27
09-06-2019,15
09-09-2019,15.27
09-10-2019,15.2
09-11-2019,14.61
09-12-2019,14.22
09/13/2019,13.74
09/16/2019,14.67
09/17/2019,14.44
09/18/2019,13.95
09/19/2019,14.05
09/20/2019,15.32
09/23/2019,14.91
09/24/2019,17.05
09/25/2019,15.96
09/26/2019,16.07
09/27/2019,17.22
09/30/2019,16.24
10-01-2019,18.56
10-02-2019,20.56
10-03-2019,19.12
10-04-2019,17.04
10-07-2019,17.86
10-08-2019,20.28
10-09-2019,18.64
10-10-2019,17.57
10-11-2019,15.58
10/14/2019,14.57
10/15/2019,13.54
10/16/2019,13.68
10/17/2019,13.79
10/18/2019,14.25
10/21/2019,14
10/22/2019,14.46
10/23/2019,14.01
10/24/2019,13.71
10/25/2019,12.65
10/28/2019,13.11
10/29/2019,13.2
10/30/2019,12.33
10/31/2019,13.22
11-01-2019,12.3
11-04-2019,12.83
11-05-2019,13.1
11-06-2019,12.62
11-07-2019,12.73
11-08-2019,12.07
11-11-2019,12.69
11-12-2019,12.68
11/13/2019,13
11/14/2019,13.05
11/15/2019,12.05
11/18/2019,12.46
11/19/2019,12.86
11/20/2019,12.78
11/21/2019,13.13
11/22/2019,12.34
11/25/2019,11.87
11/26/2019,11.54
11/27/2019,11.75
11/29/2019,12.62
12-02-2019,14.91
12-03-2019,15.96
12-04-2019,14.8
12-05-2019,14.52
12-06-2019,13.62
12-09-2019,15.86
12-10-2019,15.68
12-11-2019,14.99
12-12-2019,13.94
12/13/2019,12.63
12/16/2019,12.14
12/17/2019,12.29
12/18/2019,12.58
12/19/2019,12.5
12/20/2019,12.51
12/23/2019,12.61
12/24/2019,12.67
12/26/2019,12.65
12/27/2019,13.43
12/30/2019,14.82
12/31/2019,13.78
01-02-2020,12.47
01-03-2020,14.02
01-06-2020,13.85
01-07-2020,13.79
01-08-2020,13.45
01-09-2020,12.54
01-10-2020,12.56
01/13/2020,12.32
01/14/2020,12.39
01/15/2020,12.42
01/16/2020,12.32
01/17/2020,12.1
01/21/2020,12.85
01/22/2020,12.91
01/23/2020,12.98
01/24/2020,14.56
01/27/2020,18.23
01/28/2020,16.28
01/29/2020,16.39
01/30/2020,15.49
01/31/2020,18.84
02-03-2020,17.97
02-04-2020,16.05
02-05-2020,15.15
02-06-2020,14.96
02-07-2020,15.47
02-10-2020,15.04
02-11-2020,15.18
02-12-2020,13.74
02/13/2020,14.15
02/14/2020,13.68
02/18/2020,14.83
02/19/2020,14.38
02/20/2020,15.56
02/21/2020,17.08
02/24/2020,25.03
02/25/2020,27.85
02/26/2020,27.56
02/27/2020,39.16
02/28/2020,40.11
03-02-2020,33.42
03-03-2020,36.82
03-04-2020,31.99
03-05-2020,39.62
03-06-2020,41.94
03-09-2020,54.46
03-10-2020,47.3
03-11-2020,53.9
03-12-2020,75.47
03/13/2020,57.83
03/16/2020,82.69
03/17/2020,75.91
03/18/2020,76.45
03/19/2020,72
03/20/2020,66.04
03/23/2020,61.59
03/24/2020,61.67
03/25/2020,63.95
03/26/2020,61
03/27/2020,65.54
03/30/2020,57.08
03/31/2020,53.54
04-01-2020,57.06
04-02-2020,50.91
04-03-2020,46.8
04-06-2020,45.24
04-07-2020,46.7
04-08-2020,43.35
04-09-2020,41.67
04/13/2020,41.17
04/14/2020,37.76
04/15/2020,40.84
04/16/2020,40.11
04/17/2020,38.15
04/20/2020,43.83
04/21/2020,45.41
04/22/2020,41.98
04/23/2020,41.38
04/24/2020,35.93
04/27/2020,33.29
04/28/2020,33.57
04/29/2020,31.23
04/30/2020,34.15
05-01-2020,37.19
05-04-2020,35.97
05-05-2020,33.61
05-06-2020,34.12
05-07-2020,31.44
05-08-2020,27.98
05-11-2020,27.57
05-12-2020,33.04
05/13/2020,35.28
05/14/2020,32.61
05/15/2020,31.89
05/18/2020,29.3
05/19/2020,30.53
05/20/2020,27.99
05/21/2020,29.53
05/22/2020,28.16
05/26/2020,28.01
05/27/2020,27.62
05/28/2020,28.59
05/29/2020,27.51
06-01-2020,28.23
06-02-2020,26.84
06-03-2020,25.66
06-04-2020,25.81
06-05-2020,24.52
06-08-2020,25.81
06-09-2020,27.57
06-10-2020,27.57
06-11-2020,40.79
06-12-2020,36.09
06/15/2020,34.4
06/16/2020,33.67
06/17/2020,33.47
06/18/2020,32.94
06/19/2020,35.12
06/22/2020,31.77
06/23/2020,31.37
06/24/2020,33.84
06/25/2020,32.22
06/26/2020,34.73
06/29/2020,31.78
06/30/2020,30.43
07-01-2020,28.62
07-02-2020,27.68
07-06-2020,27.94
07-07-2020,29.43
07-08-2020,28.08
07-09-2020,29.26
07-10-2020,27.29
07/13/2020,32.19
07/14/2020,29.52
07/15/2020,27.76
07/16/2020,28
07/17/2020,25.68
07/20/2020,24.46
07/21/2020,24.84
07/22/2020,24.32
07/23/2020,26.08
07/24/2020,25.84
07/27/2020,24.74
07/28/2020,25.44
07/29/2020,24.1
07/30/2020,24.76
07/31/2020,24.46
08-03-2020,24.28
08-04-2020,23.76
08-05-2020,22.99
08-06-2020,22.65
08-07-2020,22.21
08-10-2020,22.13
08-11-2020,24.03
08-12-2020,22.28
08/13/2020,22.13
08/14/2020,22.05
08/17/2020,21.35
08/18/2020,21.51
08/19/2020,22.54
08/20/2020,22.72
08/21/2020,22.54
08/24/2020,22.37
08/25/2020,22.03
08/26/2020,23.27
08/27/2020,24.47
08/28/2020,22.96
08/31/2020,26.41
09-01-2020,26.12
09-02-2020,26.57
09-03-2020,33.6
09-04-2020,30.75
09-08-2020,31.46
09-09-2020,28.81
09-10-2020,29.71
09-11-2020,26.87
09/14/2020,25.85
09/15/2020,25.59
09/16/2020,26.04
09/17/2020,26.46
09/18/2020,25.83
09/21/2020,27.78
09/22/2020,26.86
09/23/2020,28.58
09/24/2020,28.51
09/25/2020,26.38
09/28/2020,26.19
09/29/2020,26.27
09/30/2020,26.37
10-01-2020,26.7
10-02-2020,27.63
10-05-2020,27.96
10-06-2020,29.48
10-07-2020,28.06
10-08-2020,26.36
10-09-2020,25
10-12-2020,25.07
10/13/2020,26.07
10/14/2020,26.4
10/15/2020,26.97
10/16/2020,27.41
10/19/2020,29.18
10/20/2020,29.35
10/21/2020,28.65
10/22/2020,28.11
10/23/2020,27.55
10/26/2020,32.46
10/27/2020,33.35
10/28/2020,40.28
10/29/2020,37.59
10/30/2020,38.02
11-02-2020,37.13
11-03-2020,35.55
11-04-2020,29.57
11-05-2020,27.58
11-06-2020,24.86
11-09-2020,25.75
11-10-2020,24.8
11-11-2020,23.45
11-12-2020,25.35
11/13/2020,23.1
11/16/2020,22.45
11/17/2020,22.71
11/18/2020,23.84
11/19/2020,23.11
11/20/2020,23.7
11/23/2020,22.66
11/24/2020,21.64
11/25/2020,21.25
11/27/2020,20.84
11/30/2020,20.57
12-01-2020,20.77
12-02-2020,21.17
12-03-2020,21.28
12-04-2020,20.79
12-07-2020,21.3
12-08-2020,20.68
12-09-2020,22.27
12-10-2020,22.52
12-11-2020,23.31
12/14/2020,24.72
12/15/2020,22.89
12/16/2020,22.5
12/17/2020,21.93
12/18/2020,21.57
12/21/2020,25.16
12/22/2020,24.23
12/23/2020,23.31
12/24/2020,21.53
12/28/2020,21.7
12/29/2020,23.08
12/30/2020,22.77
12/31/2020,22.75
01-04-2021,26.97
01-05-2021,25.34
01-06-2021,25.07
01-07-2021,22.37
01-08-2021,21.56
01-11-2021,24.08
01-12-2021,23.33
01/13/2021,22.21
01/14/2021,23.25
01/15/2021,24.34
01/19/2021,23.24
01/20/2021,21.58
01/21/2021,21.32
01/22/2021,21.91
01/25/2021,23.19
01/26/2021,23.02
01/27/2021,37.21
01/28/2021,30.21
01/29/2021,33.09
02-01-2021,30.24
02-02-2021,25.56
02-03-2021,22.91
02-04-2021,21.77
02-05-2021,20.87
02-08-2021,21.24
02-09-2021,21.63
02-10-2021,21.99
02-11-2021,21.25
02-12-2021,19.97
02/16/2021,21.46
02/17/2021,21.5
02/18/2021,22.49
02/19/2021,22.05
02/22/2021,23.45
02/23/2021,23.11
02/24/2021,21.34
02/25/2021,28.89
02/26/2021,27.95
03-01-2021,23.35
03-02-2021,24.1
03-03-2021,26.67
03-04-2021,28.57
03-05-2021,24.66
03-08-2021,25.47
03-09-2021,24.03
03-10-2021,22.56
03-11-2021,21.91
03-12-2021,20.69
03/15/2021,20.03
03/16/2021,19.79
03/17/2021,19.23
03/18/2021,21.58
03/19/2021,20.95
03/22/2021,18.88
03/23/2021,20.3
03/24/2021,21.2
03/25/2021,19.81
03/26/2021,18.86
03/29/2021,20.74
03/30/2021,19.61
03/31/2021,19.4
04-01-2021,17.33
04-05-2021,17.91
04-06-2021,18.12
04-07-2021,17.16
04-08-2021,16.95
04-09-2021,16.69
04-12-2021,16.91
04/13/2021,16.65
04/14/2021,16.99
04/15/2021,16.57
04/16/2021,16.25
04/19/2021,17.29
04/20/2021,18.68
04/21/2021,17.5
04/22/2021,18.71
04/23/2021,17.33
04/26/2021,17.64
04/27/2021,17.56
04/28/2021,17.28
04/29/2021,17.61
04/30/2021,18.61
05-03-2021,18.31
05-04-2021,19.48
05-05-2021,19.15
05-06-2021,18.39
05-07-2021,16.69
05-10-2021,19.66
05-11-2021,21.84
05-12-2021,27.59
05/13/2021,23.13
05/14/2021,18.81
05/17/2021,19.72
05/18/2021,21.34
05/19/2021,22.18
05/20/2021,20.67
05/21/2021,20.15
05/24/2021,18.4
05/25/2021,18.84
05/26/2021,17.36
05/27/2021,16.74
05/28/2021,16.76
06-01-2021,17.9
06-02-2021,17.48
06-03-2021,18.04
06-04-2021,16.42
06-07-2021,16.42
06-08-2021,17.07
06-09-2021,17.89
06-10-2021,16.1
06-11-2021,15.65
06/14/2021,16.39
06/15/2021,17.02
06/16/2021,18.15
06/17/2021,17.75
06/18/2021,20.7
06/21/2021,17.89
06/22/2021,16.66
06/23/2021,16.32
06/24/2021,15.97
06/25/2021,15.62
06/28/2021,15.76
06/29/2021,16.02
06/30/2021,15.83
07-01-2021,15.48
07-02-2021,15.07
07-06-2021,16.44
07-07-2021,16.2
07-08-2021,19
07-09-2021,16.18
07-12-2021,16.17
07/13/2021,17.12
07/14/2021,16.33
07/15/2021,17.01
07/16/2021,18.45
07/19/2021,22.5
07/20/2021,19.73
07/21/2021,17.91
07/22/2021,17.69
07/23/2021,17.2
07/26/2021,17.58
07/27/2021,19.36
07/28/2021,18.31
07/29/2021,17.7
07/30/2021,18.24
08-02-2021,19.46
08-03-2021,18.04
08-04-2021,17.97
08-05-2021,17.28
08-06-2021,16.15
08-09-2021,16.72
08-10-2021,16.79
08-11-2021,16.06
08-12-2021,15.59
08/13/2021,15.45
08/16/2021,16.12
08/17/2021,17.91
08/18/2021,21.57
08/19/2021,21.67
08/20/2021,18.56
08/23/2021,17.15
08/24/2021,17.22
08/25/2021,16.79
08/26/2021,18.84
08/27/2021,16.39
08/30/2021,16.19
08/31/2021,16.48
09-01-2021,16.11
09-02-2021,16.41
09-03-2021,16.41
09-07-2021,18.14
09-08-2021,17.96
09-09-2021,18.8
09-10-2021,20.95
09/13/2021,19.37
09/14/2021,19.46
09/15/2021,18.18
09/16/2021,18.69
09/17/2021,20.81
09/20/2021,25.71
09/21/2021,24.36
09/22/2021,20.87
09/23/2021,18.63
09/24/2021,17.75
09/27/2021,18.76
09/28/2021,23.25
09/29/2021,22.56
09/30/2021,23.14
10-01-2021,21.15
10-04-2021,22.96
10-05-2021,21.3
10-06-2021,21
10-07-2021,19.54
10-08-2021,18.77
10-11-2021,20
10-12-2021,19.85
10/13/2021,18.64
10/14/2021,16.86
10/15/2021,16.3
10/18/2021,16.31
10/19/2021,15.7
10/20/2021,15.49
10/21/2021,15.01
10/22/2021,15.43
10/25/2021,15.24
10/26/2021,15.98
10/27/2021,16.98
10/28/2021,16.53
10/29/2021,16.26
11-01-2021,16.41
11-02-2021,16.03
11-03-2021,15.1
11-04-2021,15.44
11-05-2021,16.48
11-08-2021,17.22
11-09-2021,17.78
11-10-2021,18.73
11-11-2021,17.66
11-12-2021,16.29
11/15/2021,16.49
11/16/2021,16.37
11/17/2021,17.11
11/18/2021,17.59
11/19/2021,17.91
11/22/2021,19.17
11/23/2021,19.38
11/24/2021,18.58
11/26/2021,28.62
11/29/2021,22.96
11/30/2021,27.19
12-01-2021,31.12
12-02-2021,27.95
12-03-2021,30.67
12-06-2021,27.18
12-07-2021,21.89
12-08-2021,19.9
12-09-2021,21.58
12-10-2021,18.69
12/13/2021,20.31
12/14/2021,21.89
12/15/2021,19.29
12/16/2021,20.57
12/17/2021,21.57
12/20/2021,22.87
12/21/2021,21.01
12/22/2021,18.63
12/23/2021,17.96
12/27/2021,17.68
12/28/2021,17.54
12/29/2021,16.95
12/30/2021,17.33
12/31/2021,17.22
01-03-2022,16.6
01-04-2022,16.91
01-05-2022,19.73
01-06-2022,19.61
01-07-2022,18.76
01-10-2022,19.4
01-11-2022,18.41
01-12-2022,17.62
01/13/2022,20.31
01/14/2022,19.19
01/18/2022,22.79
01/19/2022,23.85
01/20/2022,25.59
01/21/2022,28.85
01/24/2022,29.9
01/25/2022,31.16
01/26/2022,31.96
01/27/2022,30.49
01/28/2022,27.66
01/31/2022,24.83
02-01-2022,21.96
02-02-2022,22.09
02-03-2022,24.35
02-04-2022,23.22
02-07-2022,22.86
02-08-2022,21.44
02-09-2022,19.96
02-10-2022,23.91
02-11-2022,27.36
02/14/2022,28.33
02/15/2022,25.7
02/16/2022,24.29
02/17/2022,28.11
02/18/2022,27.75
02/22/2022,28.81
02/23/2022,31.02
02/24/2022,30.32
02/25/2022,27.59
02/28/2022,30.15
03-01-2022,33.32
03-02-2022,30.74
03-03-2022,30.48
03-04-2022,31.98
03-07-2022,36.45
03-08-2022,35.13
03-09-2022,32.45
03-10-2022,30.23
03-11-2022,30.75
03/14/2022,31.77
03/15/2022,29.83
03/16/2022,26.67
03/17/2022,25.67
03/18/2022,23.87
03/21/2022,23.53
03/22/2022,22.94
03/23/2022,23.57
03/24/2022,21.67
03/25/2022,20.81
03/28/2022,19.63
03/29/2022,18.9
03/30/2022,19.33
03/31/2022,20.56
04-01-2022,19.63
04-04-2022,18.57
04-05-2022,21.03
04-06-2022,22.1
04-07-2022,21.55
04-08-2022,21.16
04-11-2022,24.37
04-12-2022,24.26
04/13/2022,21.82
04/14/2022,22.7
04/18/2022,22.17
04/19/2022,21.37
04/20/2022,20.32
04/21/2022,22.68
04/22/2022,28.21
04/25/2022,27.02
04/26/2022,33.52
04/27/2022,31.6
04/28/2022,29.99
04/29/2022,33.4
05-02-2022,32.34
05-03-2022,29.25
05-04-2022,25.42
05-05-2022,31.2
05-06-2022,30.19
05-09-2022,34.75
05-10-2022,32.99
05-11-2022,32.56
05-12-2022,31.77
05/13/2022,28.87
05/16/2022,27.47
05/17/2022,26.1
05/18/2022,30.96
05/19/2022,29.35
05/20/2022,29.43
05/23/2022,28.48
05/24/2022,29.45
05/25/2022,28.37
05/26/2022,27.5
05/27/2022,25.72
05/31/2022,26.19
06-01-2022,25.69
06-02-2022,24.72
06-03-2022,24.79
06-06-2022,25.07
06-07-2022,24.02
06-08-2022,23.96
06-09-2022,26.09
06-10-2022,27.75
06/13/2022,34.02
06/14/2022,32.69
06/15/2022,29.62
06/16/2022,32.95
06/17/2022,31.13
06/21/2022,30.19
06/22/2022,28.95
06/23/2022,29.05
06/24/2022,27.23
06/27/2022,26.95
06/28/2022,28.36
06/29/2022,28.16
06/30/2022,28.71
07-01-2022,26.7
07-05-2022,27.54
07-06-2022,26.73
07-07-2022,26.08
07-08-2022,24.64
07-11-2022,26.17
07-12-2022,27.29
07/13/2022,26.82
07/14/2022,26.4
07/15/2022,24.23
07/18/2022,25.3
07/19/2022,24.5
07/20/2022,23.88
07/21/2022,23.11
07/22/2022,23.03
07/25/2022,23.36
07/26/2022,24.69
07/27/2022,23.24
07/28/2022,22.33
07/29/2022,21.33
08-01-2022,22.84
08-02-2022,23.93
08-03-2022,21.95
08-04-2022,21.44
08-05-2022,21.15
08-08-2022,21.29
08-09-2022,21.77
08-10-2022,19.74
08-11-2022,20.2
08-12-2022,19.53
08/15/2022,19.95
08/16/2022,19.69
08/17/2022,19.9
08/18/2022,19.56
08/19/2022,20.6
08/22/2022,23.8
08/23/2022,24.11
08/24/2022,22.82
08/25/2022,21.78
08/26/2022,25.56
08/29/2022,26.21
08/30/2022,26.21
08/31/2022,25.87
